"t","w"
2010-01-01,-0.56
2010-01-02,-0.57
2010-01-03,-0.57
2010-01-04,-0.58
2010-01-05,-0.58
2010-01-06,-0.58
2010-01-07,-0.59
2010-01-08,-0.59
2010-01-09,-0.6
2010-01-10,-0.61
2010-01-11,-0.61
2010-01-12,-0.61
2010-01-13,-0.6
2010-01-14,-0.6
2010-01-15,-0.6
2010-01-16,-0.6
2010-01-17,-0.59
2010-01-18,-0.59
2010-01-19,-0.59
2010-01-20,-0.59
2010-01-21,-0.59
2010-01-22,-0.58
2010-01-23,-0.59
2010-01-24,-0.58
2010-01-25,-0.58
2010-01-26,-0.58
2010-01-27,-0.59
2010-01-28,-0.59
2010-01-29,-0.59
2010-01-30,-0.56
2010-01-31,-0.57
2010-02-01,-0.58
2010-02-02,-0.59
2010-02-03,-0.58
2010-02-04,-0.58
2010-02-05,-0.58
2010-02-06,-0.57
2010-02-07,-0.58
2010-02-08,-0.58
2010-02-09,-0.58
2010-02-10,-0.58
2010-02-11,-0.58
2010-02-12,-0.58
2010-02-13,-0.59
2010-02-14,-0.58
2010-02-15,-0.59
2010-02-16,-0.59
2010-02-17,-0.58
2010-02-18,-0.59
2010-02-19,-0.59
2010-02-20,-0.58
2010-02-21,-0.59
2010-02-22,-0.6
2010-02-23,-0.58
2010-02-24,-0.58
2010-02-25,-0.58
2010-02-26,-0.57
2010-02-27,-0.58
2010-02-28,-0.56
2010-03-01,-0.53
2010-03-02,-0.55
2010-03-03,-0.57
2010-03-04,-0.57
2010-03-05,-0.58
2010-03-06,-0.58
2010-03-07,-0.59
2010-03-08,-0.6
2010-03-09,-0.6
2010-03-10,-0.6
2010-03-11,-0.6
2010-03-12,-0.6
2010-03-13,-0.6
2010-03-14,-0.61
2010-03-15,-0.61
2010-03-16,-0.61
2010-03-17,-0.61
2010-03-18,-0.61
2010-03-19,-0.61
2010-03-20,-0.61
2010-03-21,-0.6
2010-03-22,-0.59
2010-03-23,-0.6
2010-03-24,-0.6
2010-03-25,-0.59
2010-03-26,-0.58
2010-03-27,-0.59
2010-03-28,-0.59
2010-03-29,-0.59
2010-03-30,-0.57
2010-03-31,-0.58
2010-04-01,-0.58
2010-04-02,-0.58
2010-04-03,-0.58
2010-04-04,-0.56
2010-04-05,-0.57
2010-04-06,-0.58
2010-04-07,-0.58
2010-04-08,-0.58
2010-04-09,-0.57
2010-04-10,-0.58
2010-04-11,-0.58
2010-04-12,-0.58
2010-04-13,-0.58
2010-04-14,-0.58
2010-04-15,-0.58
2010-04-16,-0.58
2010-04-17,-0.58
2010-04-18,-0.58
2010-04-19,-0.57
2010-04-20,-0.57
2010-04-21,-0.57
2010-04-22,-0.57
2010-04-23,-0.57
2010-04-24,-0.57
2010-04-25,-0.57
2010-04-26,-0.57
2010-04-27,-0.58
2010-04-28,-0.58
2010-04-29,-0.58
2010-04-30,-0.57
2010-05-01,-0.58
2010-05-02,-0.57
2010-05-03,-0.57
2010-05-04,-0.58
2010-05-05,-0.59
2010-05-06,-0.58
2010-05-07,-0.58
2010-05-08,-0.58
2010-05-09,-0.57
2010-05-10,-0.58
2010-05-11,-0.58
2010-05-12,-0.57
2010-05-13,-0.57
2010-05-14,-0.58
2010-05-15,-0.58
2010-05-16,-0.58
2010-05-17,-0.58
2010-05-18,-0.58
2010-05-19,-0.59
2010-05-20,-0.59
2010-05-21,-0.59
2010-05-22,-0.59
2010-05-23,-0.59
2010-05-24,-0.59
2010-05-25,-0.59
2010-05-26,-0.59
2010-05-27,-0.57
2010-05-28,-0.58
2010-05-29,-0.58
2010-05-30,-0.59
2010-05-31,-0.57
2010-06-01,-0.57
2010-06-02,-0.57
2010-06-03,-0.57
2010-06-04,-0.58
2010-06-05,-0.59
2010-06-06,-0.58
2010-06-07,-0.57
2010-06-08,-0.57
2010-06-09,-0.55
2010-06-10,-0.54
2010-06-11,-0.53
2010-06-12,-0.54
2010-06-13,-0.56
2010-06-14,-0.55
2010-06-15,-0.56
2010-06-16,-0.56
2010-06-17,-0.57
2010-06-18,-0.57
2010-06-19,-0.56
2010-06-20,-0.57
2010-06-21,-0.56
2010-06-22,-0.56
2010-06-23,-0.57
2010-06-24,-0.57
2010-06-25,-0.57
2010-06-26,-0.57
2010-06-27,-0.57
2010-06-28,-0.58
2010-06-29,-0.58
2010-06-30,-0.58
2010-07-01,-0.57
2010-07-02,-0.58
2010-07-03,-0.58
2010-07-04,-0.56
2010-07-05,-0.56
2010-07-06,-0.56
2010-07-07,-0.56
2010-07-08,-0.57
2010-07-09,-0.57
2010-07-10,-0.57
2010-07-11,-0.56
2010-07-12,-0.57
2010-07-13,-0.54
2010-07-14,-0.54
2010-07-15,-0.55
2010-07-16,-0.53
2010-07-17,-0.54
2010-07-18,-0.55
2010-07-19,-0.53
2010-07-20,-0.53
2010-07-21,-0.54
2010-07-22,-0.53
2010-07-23,-0.53
2010-07-24,-0.53
2010-07-25,-0.52
2010-07-26,-0.54
2010-07-27,-0.53
2010-07-28,-0.52
2010-07-29,-0.52
2010-07-30,-0.52
2010-07-31,-0.51
2010-08-01,-0.5
2010-08-02,-0.5
2010-08-03,-0.52
2010-08-04,-0.49
2010-08-05,-0.5
2010-08-06,-0.5
2010-08-07,-0.52
2010-08-08,-0.54
2010-08-09,-0.54
2010-08-10,-0.54
2010-08-11,-0.54
2010-08-12,-0.55
2010-08-13,-0.55
2010-08-14,-0.55
2010-08-15,-0.55
2010-08-16,-0.55
2010-08-17,-0.53
2010-08-18,-0.53
2010-08-19,-0.55
2010-08-20,-0.56
2010-08-21,-0.57
2010-08-22,-0.57
2010-08-23,-0.56
2010-08-24,-0.55
2010-08-25,-0.55
2010-08-26,-0.55
2010-08-27,-0.54
2010-08-28,-0.55
2010-08-29,-0.55
2010-08-30,-0.56
2010-08-31,-0.57
2010-09-01,-0.57
2010-09-02,-0.57
2010-09-03,-0.58
2010-09-04,-0.57
2010-09-05,-0.57
2010-09-06,-0.57
2010-09-07,-0.58
2010-09-08,-0.56
2010-09-09,-0.53
2010-09-10,-0.52
2010-09-11,-0.53
2010-09-12,-0.52
2010-09-13,-0.54
2010-09-14,-0.54
2010-09-15,-0.54
2010-09-16,-0.54
2010-09-17,-0.54
2010-09-18,-0.54
2010-09-19,-0.55
2010-09-20,-0.54
2010-09-21,-0.54
2010-09-22,-0.55
2010-09-23,-0.56
2010-09-24,-0.55
2010-09-25,-0.54
2010-09-26,-0.53
2010-09-27,-0.52
2010-09-28,-0.52
2010-09-29,-0.51
2010-09-30,-0.52
2010-10-01,-0.52
2010-10-02,-0.51
2010-10-03,-0.5
2010-10-04,-0.51
2010-10-05,-0.52
2010-10-06,-0.52
2010-10-07,-0.52
2010-10-08,-0.51
2010-10-09,-0.52
2010-10-10,-0.52
2010-10-11,-0.53
2010-10-12,-0.55
2010-10-13,-0.55
2010-10-14,-0.54
2010-10-15,-0.55
2010-10-16,-0.53
2010-10-17,-0.53
2010-10-18,-0.54
2010-10-19,-0.55
2010-10-20,-0.53
2010-10-21,-0.51
2010-10-22,-0.51
2010-10-23,-0.54
2010-10-24,-0.52
2010-10-25,-0.53
2010-10-26,-0.53
2010-10-27,-0.51
2010-10-28,-0.52
2010-10-29,-0.52
2010-10-30,-0.52
2010-10-31,-0.51
2010-11-01,-0.52
2010-11-02,-0.52
2010-11-03,-0.52
2010-11-04,-0.53
2010-11-05,-0.53
2010-11-06,-0.51
2010-11-07,-0.5
2010-11-08,-0.5
2010-11-09,-0.49
2010-11-10,-0.49
2010-11-11,-0.5
2010-11-12,-0.48
2010-11-13,-0.45
2010-11-14,-0.42
2010-11-15,-0.46
2010-11-16,-0.48
2010-11-17,-0.49
2010-11-18,-0.54
2010-11-19,-0.55
2010-11-20,-0.55
2010-11-21,-0.55
2010-11-22,-0.55
2010-11-23,-0.55
2010-11-24,-0.55
2010-11-25,-0.54
2010-11-26,-0.54
2010-11-27,-0.55
2010-11-28,-0.55
2010-11-29,-0.56
2010-11-30,-0.56
2010-12-01,-0.57
2010-12-02,-0.57
2010-12-03,-0.57
2010-12-04,-0.58
2010-12-05,-0.56
2010-12-06,-0.54
2010-12-07,-0.56
2010-12-08,-0.57
2010-12-09,-0.59
2010-12-10,-0.59
2010-12-11,-0.58
2010-12-12,-0.59
2010-12-13,-0.58
2010-12-14,-0.58
2010-12-15,-0.6
2010-12-16,-0.6
2010-12-17,-0.57
2010-12-18,-0.57
2010-12-19,-0.57
2010-12-20,-0.58
2010-12-21,-0.58
2010-12-22,-0.6
2010-12-23,-0.59
2010-12-24,-0.58
2010-12-25,-0.59
2010-12-26,-0.6
2010-12-27,-0.6
2010-12-28,-0.6
2010-12-29,-0.6
2010-12-30,-0.59
2010-12-31,-0.59
2011-01-01,-0.59
2011-01-02,-0.59
2011-01-03,-0.6
2011-01-04,-0.59
2011-01-05,-0.59
2011-01-06,-0.58
2011-01-07,-0.57
2011-01-08,-0.57
2011-01-09,-0.57
2011-01-10,-0.58
2011-01-11,-0.58
2011-01-12,-0.59
2011-01-13,-0.56
2011-01-14,-0.54
2011-01-15,-0.55
2011-01-16,-0.57
2011-01-17,-0.58
2011-01-18,-0.58
2011-01-19,-0.59
2011-01-20,-0.59
2011-01-21,-0.59
2011-01-22,-0.6
2011-01-23,-0.61
2011-01-24,-0.6
2011-01-25,-0.6
2011-01-26,-0.58
2011-01-27,-0.59
2011-01-28,-0.6
2011-01-29,-0.6
2011-01-30,-0.6
2011-01-31,-0.61
2011-02-01,-0.61
2011-02-02,-0.62
2011-02-03,-0.62
2011-02-04,-0.61
2011-02-05,-0.62
2011-02-06,-0.62
2011-02-07,-0.62
2011-02-08,-0.62
2011-02-09,-0.61
2011-02-10,-0.62
2011-02-11,-0.61
2011-02-12,-0.61
2011-02-13,-0.61
2011-02-14,-0.6
2011-02-15,-0.6
2011-02-16,-0.6
2011-02-17,-0.61
2011-02-18,-0.61
2011-02-19,-0.61
2011-02-20,-0.62
2011-02-21,-0.62
2011-02-22,-0.62
2011-02-23,-0.63
2011-02-24,-0.6
2011-02-25,-0.61
2011-02-26,-0.61
2011-02-27,-0.61
2011-02-28,-0.6
2011-03-01,-0.61
2011-03-02,-0.61
2011-03-03,-0.61
2011-03-04,-0.62
2011-03-05,-0.62
2011-03-06,-0.62
2011-03-07,-0.62
2011-03-08,-0.63
2011-03-09,-0.62
2011-03-10,-0.63
2011-03-11,-0.63
2011-03-12,-0.63
2011-03-13,-0.62
2011-03-14,-0.63
2011-03-15,-0.62
2011-03-16,-0.62
2011-03-17,-0.62
2011-03-18,-0.63
2011-03-19,-0.62
2011-03-20,-0.63
2011-03-21,-0.63
2011-03-22,-0.63
2011-03-23,-0.64
2011-03-24,-0.63
2011-03-25,-0.63
2011-03-26,-0.62
2011-03-27,-0.63
2011-03-28,-0.62
2011-03-29,-0.63
2011-03-30,-0.63
2011-03-31,-0.63
2011-04-01,-0.63
2011-04-02,-0.64
2011-04-03,-0.63
2011-04-04,-0.63
2011-04-05,-0.63
2011-04-06,-0.63
2011-04-07,-0.63
2011-04-08,-0.63
2011-04-09,-0.63
2011-04-10,-0.62
2011-04-11,-0.63
2011-04-12,-0.63
2011-04-13,-0.63
2011-04-14,-0.63
2011-04-15,-0.63
2011-04-16,-0.63
2011-04-17,-0.63
2011-04-18,-0.63
2011-04-19,-0.63
2011-04-20,-0.63
2011-04-21,-0.63
2011-04-22,-0.63
2011-04-23,-0.63
2011-04-24,-0.63
2011-04-25,-0.64
2011-04-26,-0.64
2011-04-27,-0.64
2011-04-28,-0.64
2011-04-29,-0.65
2011-04-30,-0.64
2011-05-01,-0.64
2011-05-02,-0.64
2011-05-03,-0.64
2011-05-04,-0.64
2011-05-05,-0.65
2011-05-06,-0.64
2011-05-07,-0.64
2011-05-08,-0.64
2011-05-09,-0.65
2011-05-10,-0.65
2011-05-11,-0.66
2011-05-12,-0.66
2011-05-13,-0.67
2011-05-14,-0.67
2011-05-15,-0.66
2011-05-16,-0.67
2011-05-17,-0.66
2011-05-18,-0.66
2011-05-19,-0.66
2011-05-20,-0.65
2011-05-21,-0.66
2011-05-22,-0.66
2011-05-23,-0.66
2011-05-24,-0.66
2011-05-25,-0.66
2011-05-26,-0.67
2011-05-27,-0.66
2011-05-28,-0.65
2011-05-29,-0.66
2011-05-30,-0.66
2011-05-31,-0.66
2011-06-01,-0.66
2011-06-02,-0.66
2011-06-03,-0.67
2011-06-04,-0.68
2011-06-05,-0.68
2011-06-06,-0.68
2011-06-07,-0.67
2011-06-08,-0.67
2011-06-09,-0.68
2011-06-10,-0.68
2011-06-11,-0.67
2011-06-12,-0.67
2011-06-13,-0.67
2011-06-14,-0.66
2011-06-15,-0.66
2011-06-16,-0.66
2011-06-17,-0.66
2011-06-18,-0.65
2011-06-19,-0.65
2011-06-20,-0.65
2011-06-21,-0.64
2011-06-22,-0.64
2011-06-23,-0.65
2011-06-24,-0.65
2011-06-25,-0.66
2011-06-26,-0.65
2011-06-27,-0.67
2011-06-28,-0.69
2011-06-29,-0.68
2011-06-30,-0.67
2011-07-01,-0.67
2011-07-02,-0.67
2011-07-03,-0.68
2011-07-04,-0.68
2011-07-05,-0.68
2011-07-06,-0.69
2011-07-07,-0.68
2011-07-08,-0.69
2011-07-09,-0.68
2011-07-10,-0.68
2011-07-11,-0.69
2011-07-12,-0.7
2011-07-13,-0.69
2011-07-14,-0.67
2011-07-15,-0.65
2011-07-16,-0.66
2011-07-17,-0.65
2011-07-18,-0.65
2011-07-19,-0.65
2011-07-20,-0.65
2011-07-21,-0.64
2011-07-22,-0.63
2011-07-23,-0.64
2011-07-24,-0.64
2011-07-25,-0.64
2011-07-26,-0.64
2011-07-27,-0.64
2011-07-28,-0.64
2011-07-29,-0.64
2011-07-30,-0.64
2011-07-31,-0.65
2011-08-01,-0.65
2011-08-02,-0.66
2011-08-03,-0.66
2011-08-04,-0.65
2011-08-05,-0.64
2011-08-06,-0.65
2011-08-07,-0.64
2011-08-08,-0.64
2011-08-09,-0.63
2011-08-10,-0.65
2011-08-11,-0.65
2011-08-12,-0.65
2011-08-13,-0.64
2011-08-14,-0.62
2011-08-15,-0.62
2011-08-16,-0.63
2011-08-17,-0.64
2011-08-18,-0.64
2011-08-19,-0.62
2011-08-20,-0.63
2011-08-21,-0.64
2011-08-22,-0.64
2011-08-23,-0.61
2011-08-24,-0.61
2011-08-25,-0.61
2011-08-26,-0.62
2011-08-27,-0.61
2011-08-28,-0.62
2011-08-29,-0.61
2011-08-30,-0.62
2011-08-31,-0.62
2011-09-01,-0.62
2011-09-02,-0.63
2011-09-03,-0.63
2011-09-04,-0.62
2011-09-05,-0.61
2011-09-06,-0.62
2011-09-07,-0.61
2011-09-08,-0.6
2011-09-09,-0.6
2011-09-10,-0.6
2011-09-11,-0.61
2011-09-12,-0.61
2011-09-13,-0.61
2011-09-14,-0.62
2011-09-15,-0.62
2011-09-16,-0.63
2011-09-17,-0.62
2011-09-18,-0.62
2011-09-19,-0.61
2011-09-20,-0.61
2011-09-21,-0.62
2011-09-22,-0.62
2011-09-23,-0.63
2011-09-24,-0.62
2011-09-25,-0.63
2011-09-26,-0.63
2011-09-27,-0.63
2011-09-28,-0.63
2011-09-29,-0.63
2011-09-30,-0.64
2011-10-01,-0.64
2011-10-02,-0.64
2011-10-03,-0.63
2011-10-04,-0.63
2011-10-05,-0.63
2011-10-06,-0.62
2011-10-07,-0.63
2011-10-08,-0.62
2011-10-09,-0.61
2011-10-10,-0.61
2011-10-11,-0.62
2011-10-12,-0.61
2011-10-13,-0.61
2011-10-14,-0.61
2011-10-15,-0.62
2011-10-16,-0.61
2011-10-17,-0.62
2011-10-18,-0.61
2011-10-19,-0.6
2011-10-20,-0.61
2011-10-21,-0.62
2011-10-22,-0.62
2011-10-23,-0.61
2011-10-24,-0.61
2011-10-25,-0.61
2011-10-26,-0.61
2011-10-27,-0.61
2011-10-28,-0.61
2011-10-29,-0.62
2011-10-30,-0.62
2011-10-31,-0.61
2011-11-01,-0.6
2011-11-02,-0.6
2011-11-03,-0.6
2011-11-04,-0.6
2011-11-05,-0.6
2011-11-06,-0.6
2011-11-07,-0.61
2011-11-08,-0.61
2011-11-09,-0.61
2011-11-10,-0.61
2011-11-11,-0.6
2011-11-12,-0.61
2011-11-13,-0.61
2011-11-14,-0.61
2011-11-15,-0.62
2011-11-16,-0.62
2011-11-17,-0.62
2011-11-18,-0.62
2011-11-19,-0.62
2011-11-20,-0.63
2011-11-21,-0.63
2011-11-22,-0.63
2011-11-23,-0.63
2011-11-24,-0.63
2011-11-25,-0.62
2011-11-26,-0.63
2011-11-27,-0.63
2011-11-28,-0.63
2011-11-29,-0.63
2011-11-30,-0.62
2011-12-01,-0.63
2011-12-02,-0.62
2011-12-03,-0.62
2011-12-04,-0.61
2011-12-05,-0.61
2011-12-06,-0.62
2011-12-07,-0.62
2011-12-08,-0.63
2011-12-09,-0.62
2011-12-10,-0.63
2011-12-11,-0.64
2011-12-12,-0.63
2011-12-13,-0.62
2011-12-14,-0.6
2011-12-15,-0.59
2011-12-16,-0.55
2011-12-17,-0.53
2011-12-18,-0.57
2011-12-19,-0.58
2011-12-20,-0.59
2011-12-21,-0.61
2011-12-22,-0.62
2011-12-23,-0.64
2011-12-24,-0.63
2011-12-25,-0.64
2011-12-26,-0.64
2011-12-27,-0.65
2011-12-28,-0.65
2011-12-29,-0.66
2011-12-30,-0.64
2011-12-31,-0.64
2012-01-01,-0.64
2012-01-02,-0.62
2012-01-03,-0.62
2012-01-04,-0.61
2012-01-05,-0.6
2012-01-06,-0.6
2012-01-07,-0.61
2012-01-08,-0.62
2012-01-09,-0.63
2012-01-10,-0.63
2012-01-11,-0.64
2012-01-12,-0.64
2012-01-13,-0.64
2012-01-14,-0.64
2012-01-15,-0.65
2012-01-16,-0.65
2012-01-17,-0.65
2012-01-18,-0.66
2012-01-19,-0.66
2012-01-20,-0.63
2012-01-21,-0.64
2012-01-22,-0.64
2012-01-23,-0.64
2012-01-24,-0.65
2012-01-25,-0.64
2012-01-26,-0.64
2012-01-27,-0.64
2012-01-28,-0.64
2012-01-29,-0.65
2012-01-30,-0.65
2012-01-31,-0.64
2012-02-01,-0.65
2012-02-02,-0.65
2012-02-03,-0.65
2012-02-04,-0.65
2012-02-05,-0.66
2012-02-06,-0.65
2012-02-07,-0.66
2012-02-08,-0.66
2012-02-09,-0.66
2012-02-10,-0.66
2012-02-11,-0.67
2012-02-12,-0.66
2012-02-13,-0.68
2012-02-14,-0.68
2012-02-15,-0.67
2012-02-16,-0.66
2012-02-17,-0.65
2012-02-18,-0.66
2012-02-19,-0.65
2012-02-20,-0.66
2012-02-21,-0.67
2012-02-22,-0.66
2012-02-23,-0.66
2012-02-24,-0.67
2012-02-25,-0.67
2012-02-26,-0.66
2012-02-27,-0.67
2012-02-28,-0.67
2012-02-29,-0.67
2012-03-01,-0.67
2012-03-02,-0.67
2012-03-03,-0.67
2012-03-04,-0.67
2012-03-05,-0.67
2012-03-06,-0.63
2012-03-07,-0.65
2012-03-08,-0.64
2012-03-09,-0.65
2012-03-10,-0.65
2012-03-11,-0.66
2012-03-12,-0.66
2012-03-13,-0.65
2012-03-14,-0.65
2012-03-15,-0.65
2012-03-16,-0.65
2012-03-17,-0.65
2012-03-18,-0.64
2012-03-19,-0.64
2012-03-20,-0.65
2012-03-21,-0.65
2012-03-22,-0.66
2012-03-23,-0.66
2012-03-24,-0.65
2012-03-25,-0.65
2012-03-26,-0.65
2012-03-27,-0.66
2012-03-28,-0.66
2012-03-29,-0.65
2012-03-30,-0.65
2012-03-31,-0.65
2012-04-01,-0.64
2012-04-02,-0.64
2012-04-03,-0.64
2012-04-04,-0.63
2012-04-05,-0.63
2012-04-06,-0.64
2012-04-07,-0.63
2012-04-08,-0.63
2012-04-09,-0.63
2012-04-10,-0.63
2012-04-11,-0.62
2012-04-12,-0.62
2012-04-13,-0.62
2012-04-14,-0.62
2012-04-15,-0.62
2012-04-16,-0.63
2012-04-17,-0.64
2012-04-18,-0.63
2012-04-19,-0.62
2012-04-20,-0.62
2012-04-21,-0.62
2012-04-22,-0.62
2012-04-23,-0.62
2012-04-24,-0.62
2012-04-25,-0.62
2012-04-26,-0.61
2012-04-27,-0.61
2012-04-28,-0.61
2012-04-29,-0.61
2012-04-30,-0.61
2012-05-01,-0.6
2012-05-02,-0.61
2012-05-03,-0.59
2012-05-04,-0.6
2012-05-05,-0.6
2012-05-06,-0.6
2012-05-07,-0.61
2012-05-08,-0.61
2012-05-09,-0.6
2012-05-10,-0.6
2012-05-11,-0.6
2012-05-12,-0.61
2012-05-13,-0.61
2012-05-14,-0.61
2012-05-15,-0.61
2012-05-16,-0.6
2012-05-17,-0.61
2012-05-18,-0.6
2012-05-19,-0.6
2012-05-20,-0.61
2012-05-21,-0.6
2012-05-22,-0.6
2012-05-23,-0.61
2012-05-24,-0.61
2012-05-25,-0.63
2012-05-26,-0.63
2012-05-27,-0.63
2012-05-28,-0.63
2012-05-29,-0.63
2012-05-30,-0.64
2012-05-31,-0.64
2012-06-01,-0.64
2012-06-02,-0.63
2012-06-03,-0.63
2012-06-04,-0.62
2012-06-05,-0.62
2012-06-06,-0.61
2012-06-07,-0.62
2012-06-08,-0.6
2012-06-09,-0.61
2012-06-10,-0.62
2012-06-11,-0.62
2012-06-12,-0.61
2012-06-13,-0.61
2012-06-14,-0.61
2012-06-15,-0.62
2012-06-16,-0.61
2012-06-17,-0.62
2012-06-18,-0.6
2012-06-19,-0.61
2012-06-20,-0.61
2012-06-21,-0.62
2012-06-22,-0.63
2012-06-23,-0.64
2012-06-24,-0.64
2012-06-25,-0.64
2012-06-26,-0.64
2012-06-27,-0.64
2012-06-28,-0.64
2012-06-29,-0.64
2012-06-30,-0.65
2012-07-01,-0.65
2012-07-02,-0.66
2012-07-03,-0.66
2012-07-04,-0.66
2012-07-05,-0.65
2012-07-06,-0.64
2012-07-07,-0.64
2012-07-08,-0.64
2012-07-09,-0.63
2012-07-10,-0.62
2012-07-11,-0.63
2012-07-12,-0.64
2012-07-13,-0.63
2012-07-14,-0.63
2012-07-15,-0.62
2012-07-16,-0.62
2012-07-17,-0.63
2012-07-18,-0.64
2012-07-19,-0.64
2012-07-20,-0.66
2012-07-21,-0.64
2012-07-22,-0.65
2012-07-23,-0.66
2012-07-24,-0.67
2012-07-25,-0.68
2012-07-26,-0.68
2012-07-27,-0.69
2012-07-28,-0.68
2012-07-29,-0.68
2012-07-30,-0.68
2012-07-31,-0.68
2012-08-01,-0.69
2012-08-02,-0.68
2012-08-03,-0.69
2012-08-04,-0.69
2012-08-05,-0.68
2012-08-06,-0.68
2012-08-07,-0.69
2012-08-08,-0.69
2012-08-09,-0.67
2012-08-10,-0.68
2012-08-11,-0.69
2012-08-12,-0.69
2012-08-13,-0.69
2012-08-14,-0.69
2012-08-15,-0.69
2012-08-16,-0.7
2012-08-17,-0.7
2012-08-18,-0.71
2012-08-19,-0.71
2012-08-20,-0.71
2012-08-21,-0.7
2012-08-22,-0.7
2012-08-23,-0.71
2012-08-24,-0.7
2012-08-25,-0.7
2012-08-26,-0.71
2012-08-27,-0.71
2012-08-28,-0.7
2012-08-29,-0.7
2012-08-30,-0.71
2012-08-31,-0.71
2012-09-01,-0.71
2012-09-02,-0.7
2012-09-03,-0.69
2012-09-04,-0.69
2012-09-05,-0.69
2012-09-06,-0.7
2012-09-07,-0.7
2012-09-08,-0.7
2012-09-09,-0.71
2012-09-10,-0.71
2012-09-11,-0.7
2012-09-12,-0.7
2012-09-13,-0.69
2012-09-14,-0.69
2012-09-15,-0.68
2012-09-16,-0.68
2012-09-17,-0.67
2012-09-18,-0.68
2012-09-19,-0.69
2012-09-20,-0.71
2012-09-21,-0.71
2012-09-22,-0.7
2012-09-23,-0.72
2012-09-24,-0.7
2012-09-25,-0.7
2012-09-26,-0.7
2012-09-27,-0.7
2012-09-28,-0.7
2012-09-29,-0.7
2012-09-30,-0.71
2012-10-01,-0.71
2012-10-02,-0.71
2012-10-03,-0.71
2012-10-04,-0.68
2012-10-05,-0.69
2012-10-06,-0.69
2012-10-07,-0.69
2012-10-08,-0.7
2012-10-09,-0.69
2012-10-10,-0.69
2012-10-11,-0.69
2012-10-12,-0.68
2012-10-13,-0.7
2012-10-14,-0.7
2012-10-15,-0.69
2012-10-16,-0.68
2012-10-17,-0.69
2012-10-18,-0.69
2012-10-19,-0.7
2012-10-20,-0.69
2012-10-21,-0.69
2012-10-22,-0.69
2012-10-23,-0.69
2012-10-24,-0.69
2012-10-25,-0.69
2012-10-26,-0.7
2012-10-27,-0.69
2012-10-28,-0.69
2012-10-29,-0.69
2012-10-30,-0.69
2012-10-31,-0.68
2012-11-01,-0.68
2012-11-02,-0.68
2012-11-03,-0.68
2012-11-04,-0.69
2012-11-05,-0.69
2012-11-06,-0.69
2012-11-07,-0.7
2012-11-08,-0.7
2012-11-09,-0.69
2012-11-10,-0.69
2012-11-11,-0.68
2012-11-12,-0.69
2012-11-13,-0.69
2012-11-14,-0.69
2012-11-15,-0.69
2012-11-16,-0.69
2012-11-17,-0.69
2012-11-18,-0.68
2012-11-19,-0.68
2012-11-20,-0.68
2012-11-21,-0.68
2012-11-22,-0.69
2012-11-23,-0.69
2012-11-24,-0.7
2012-11-25,-0.69
2012-11-26,-0.7
2012-11-27,-0.7
2012-11-28,-0.7
2012-11-29,-0.7
2012-11-30,-0.69
2012-12-01,-0.69
2012-12-02,-0.69
2012-12-03,-0.69
2012-12-04,-0.65
2012-12-05,-0.66
2012-12-06,-0.66
2012-12-07,-0.67
2012-12-08,-0.67
2012-12-09,-0.68
2012-12-10,-0.69
2012-12-11,-0.69
2012-12-12,-0.71
2012-12-13,-0.71
2012-12-14,-0.72
2012-12-15,-0.69
2012-12-16,-0.69
2012-12-17,-0.69
2012-12-18,-0.69
2012-12-19,-0.7
2012-12-20,-0.7
2012-12-21,-0.68
2012-12-22,-0.68
2012-12-23,-0.61
2012-12-24,-0.61
2012-12-25,-0.63
2012-12-26,-0.63
2012-12-27,-0.62
2012-12-28,-0.61
2012-12-29,-0.63
2012-12-30,-0.64
2012-12-31,-0.65
2013-01-01,-0.63
2013-01-02,-0.64
2013-01-03,-0.64
2013-01-04,-0.66
2013-01-05,-0.66
2013-01-06,-0.66
2013-01-07,-0.66
2013-01-08,-0.65
2013-01-09,-0.65
2013-01-10,-0.64
2013-01-11,-0.65
2013-01-12,-0.66
2013-01-13,-0.65
2013-01-14,-0.66
2013-01-15,-0.65
2013-01-16,-0.66
2013-01-17,-0.67
2013-01-18,-0.67
2013-01-19,-0.67
2013-01-20,-0.67
2013-01-21,-0.67
2013-01-22,-0.66
2013-01-23,-0.66
2013-01-24,-0.67
2013-01-25,-0.68
2013-01-26,-0.68
2013-01-27,-0.68
2013-01-28,-0.66
2013-01-29,-0.66
2013-01-30,-0.62
2013-01-31,-0.65
2013-02-01,-0.66
2013-02-02,-0.63
2013-02-03,-0.65
2013-02-04,-0.65
2013-02-05,-0.65
2013-02-06,-0.63
2013-02-07,-0.64
2013-02-08,-0.64
2013-02-09,-0.64
2013-02-10,-0.65
2013-02-11,-0.63
2013-02-12,-0.64
2013-02-13,-0.65
2013-02-14,-0.66
2013-02-15,-0.66
2013-02-16,-0.66
2013-02-17,-0.66
2013-02-18,-0.65
2013-02-19,-0.66
2013-02-20,-0.66
2013-02-21,-0.65
2013-02-22,-0.66
2013-02-23,-0.66
2013-02-24,-0.67
2013-02-25,-0.68
2013-02-26,-0.67
2013-02-27,-0.68
2013-02-28,-0.68
2013-03-01,-0.68
2013-03-02,-0.68
2013-03-03,-0.68
2013-03-04,-0.68
2013-03-05,-0.68
2013-03-06,-0.68
2013-03-07,-0.68
2013-03-08,-0.68
2013-03-09,-0.67
2013-03-10,-0.67
2013-03-11,-0.68
2013-03-12,-0.68
2013-03-13,-0.69
2013-03-14,-0.69
2013-03-15,-0.7
2013-03-16,-0.7
2013-03-17,-0.7
2013-03-18,-0.7
2013-03-19,-0.7
2013-03-20,-0.7
2013-03-21,-0.7
2013-03-22,-0.7
2013-03-23,-0.7
2013-03-24,-0.7
2013-03-25,-0.7
2013-03-26,-0.7
2013-03-27,-0.71
2013-03-28,-0.71
2013-03-29,-0.72
2013-03-30,-0.71
2013-03-31,-0.71
2013-04-01,-0.71
2013-04-02,-0.72
2013-04-03,-0.72
2013-04-04,-0.72
2013-04-05,-0.71
2013-04-06,-0.71
2013-04-07,-0.72
2013-04-08,-0.71
2013-04-09,-0.7
2013-04-10,-0.71
2013-04-11,-0.72
2013-04-12,-0.71
2013-04-13,-0.71
2013-04-14,-0.71
2013-04-15,-0.71
2013-04-16,-0.71
2013-04-17,-0.71
2013-04-18,-0.71
2013-04-19,-0.71
2013-04-20,-0.72
2013-04-21,-0.71
2013-04-22,-0.71
2013-04-23,-0.7
2013-04-24,-0.7
2013-04-25,-0.7
2013-04-26,-0.7
2013-04-27,-0.7
2013-04-28,-0.71
2013-04-29,-0.7
2013-04-30,-0.7
2013-05-01,-0.71
2013-05-02,-0.71
2013-05-03,-0.7
2013-05-04,-0.69
2013-05-05,-0.69
2013-05-06,-0.69
2013-05-07,-0.69
2013-05-08,-0.68
2013-05-09,-0.68
2013-05-10,-0.68
2013-05-11,-0.7
2013-05-12,-0.69
2013-05-13,-0.69
2013-05-14,-0.7
2013-05-15,-0.69
2013-05-16,-0.69
2013-05-17,-0.67
2013-05-18,-0.67
2013-05-19,-0.67
2013-05-20,-0.66
2013-05-21,-0.66
2013-05-22,-0.66
2013-05-23,-0.66
2013-05-24,-0.67
2013-05-25,-0.66
2013-05-26,-0.66
2013-05-27,-0.68
2013-05-28,-0.68
2013-05-29,-0.68
2013-05-30,-0.66
2013-05-31,-0.65
2013-06-01,-0.67
2013-06-02,-0.68
2013-06-03,-0.7
2013-06-04,-0.69
2013-06-05,-0.69
2013-06-06,-0.68
2013-06-07,-0.67
2013-06-08,-0.69
2013-06-09,-0.69
2013-06-10,-0.69
2013-06-11,-0.68
2013-06-12,-0.68
2013-06-13,-0.68
2013-06-14,-0.69
2013-06-15,-0.69
2013-06-16,-0.7
2013-06-17,-0.7
2013-06-18,-0.68
2013-06-19,-0.67
2013-06-20,-0.68
2013-06-21,-0.68
2013-06-22,-0.68
2013-06-23,-0.68
2013-06-24,-0.69
2013-06-25,-0.69
2013-06-26,-0.68
2013-06-27,-0.68
2013-06-28,-0.67
2013-06-29,-0.66
2013-06-30,-0.67
2013-07-01,-0.67
2013-07-02,-0.68
2013-07-03,-0.67
2013-07-04,-0.66
2013-07-05,-0.66
2013-07-06,-0.66
2013-07-07,-0.67
2013-07-08,-0.67
2013-07-09,-0.68
2013-07-10,-0.69
2013-07-11,-0.69
2013-07-12,-0.7
2013-07-13,-0.69
2013-07-14,-0.7
2013-07-15,-0.69
2013-07-16,-0.7
2013-07-17,-0.71
2013-07-18,-0.71
2013-07-19,-0.72
2013-07-20,-0.73
2013-07-21,-0.73
2013-07-22,-0.73
2013-07-23,-0.73
2013-07-24,-0.74
2013-07-25,-0.74
2013-07-26,-0.73
2013-07-27,-0.73
2013-07-28,-0.71
2013-07-29,-0.72
2013-07-30,-0.73
2013-07-31,-0.72
2013-08-01,-0.72
2013-08-02,-0.72
2013-08-03,-0.73
2013-08-04,-0.74
2013-08-05,-0.75
2013-08-06,-0.75
2013-08-07,-0.75
2013-08-08,-0.73
2013-08-09,-0.73
2013-08-10,-0.73
2013-08-11,-0.74
2013-08-12,-0.74
2013-08-13,-0.74
2013-08-14,-0.75
2013-08-15,-0.75
2013-08-16,-0.75
2013-08-17,-0.75
2013-08-18,-0.74
2013-08-19,-0.74
2013-08-20,-0.75
2013-08-21,-0.76
2013-08-22,-0.75
2013-08-23,-0.75
2013-08-24,-0.73
2013-08-25,-0.72
2013-08-26,-0.73
2013-08-27,-0.73
2013-08-28,-0.73
2013-08-29,-0.74
2013-08-30,-0.75
2013-08-31,-0.73
2013-09-01,-0.75
2013-09-02,-0.74
2013-09-03,-0.75
2013-09-04,-0.75
2013-09-05,-0.75
2013-09-06,-0.75
2013-09-07,-0.74
2013-09-08,-0.75
2013-09-09,-0.76
2013-09-10,-0.76
2013-09-11,-0.75
2013-09-12,-0.74
2013-09-13,-0.73
2013-09-14,-0.71
2013-09-15,-0.71
2013-09-16,-0.71
2013-09-17,-0.72
2013-09-18,-0.71
2013-09-19,-0.71
2013-09-20,-0.71
2013-09-21,-0.71
2013-09-22,-0.71
2013-09-23,-0.7
2013-09-24,-0.71
2013-09-25,-0.71
2013-09-26,-0.71
2013-09-27,-0.73
2013-09-28,-0.72
2013-09-29,-0.73
2013-09-30,-0.72
2013-10-01,-0.72
2013-10-02,-0.72
2013-10-03,-0.72
2013-10-04,-0.71
2013-10-05,-0.71
2013-10-06,-0.7
2013-10-07,-0.7
2013-10-08,-0.71
2013-10-09,-0.7
2013-10-10,-0.72
2013-10-11,-0.72
2013-10-12,-0.71
2013-10-13,-0.71
2013-10-14,-0.71
2013-10-15,-0.7
2013-10-16,-0.7
2013-10-17,-0.71
2013-10-18,-0.7
2013-10-19,-0.7
2013-10-20,-0.7
2013-10-21,-0.69
2013-10-22,-0.7
2013-10-23,-0.68
2013-10-24,-0.7
2013-10-25,-0.68
2013-10-26,-0.68
2013-10-27,-0.68
2013-10-28,-0.69
2013-10-29,-0.71
2013-10-30,-0.71
2013-10-31,-0.72
2013-11-01,-0.71
2013-11-02,-0.7
2013-11-03,-0.71
2013-11-04,-0.7
2013-11-05,-0.7
2013-11-06,-0.69
2013-11-07,-0.68
2013-11-08,-0.67
2013-11-09,-0.65
2013-11-10,-0.66
2013-11-11,-0.68
2013-11-12,-0.69
2013-11-13,-0.69
2013-11-14,-0.69
2013-11-15,-0.68
2013-11-16,-0.7
2013-11-17,-0.69
2013-11-18,-0.69
2013-11-19,-0.7
2013-11-20,-0.71
2013-11-21,-0.68
2013-11-22,-0.69
2013-11-23,-0.69
2013-11-24,-0.7
2013-11-25,-0.7
2013-11-26,-0.7
2013-11-27,-0.71
2013-11-28,-0.72
2013-11-29,-0.72
2013-11-30,-0.72
2013-12-01,-0.72
2013-12-02,-0.72
2013-12-03,-0.73
2013-12-04,-0.72
2013-12-05,-0.73
2013-12-06,-0.73
2013-12-07,-0.73
2013-12-08,-0.73
2013-12-09,-0.71
2013-12-10,-0.72
2013-12-11,-0.71
2013-12-12,-0.73
2013-12-13,-0.73
2013-12-14,-0.71
2013-12-15,-0.72
2013-12-16,-0.73
2013-12-17,-0.72
2013-12-18,-0.72
2013-12-19,-0.71
2013-12-20,-0.7
2013-12-21,-0.71
2013-12-22,-0.71
2013-12-23,-0.71
2013-12-24,-0.7
2013-12-25,-0.66
2013-12-26,-0.67
2013-12-27,-0.68
2013-12-28,-0.64
2013-12-29,-0.65
2013-12-30,-0.68
2013-12-31,-0.68
2014-01-01,-0.69
2014-01-02,-0.68
2014-01-03,-0.69
2014-01-04,-0.7
2014-01-05,-0.69
2014-01-06,-0.69
2014-01-07,-0.67
2014-01-08,-0.67
2014-01-09,-0.68
2014-01-10,-0.68
2014-01-11,-0.69
2014-01-12,-0.7
2014-01-13,-0.69
2014-01-14,-0.7
2014-01-15,-0.7
2014-01-16,-0.69
2014-01-17,-0.68
2014-01-18,-0.67
2014-01-19,-0.66
2014-01-20,-0.67
2014-01-21,-0.66
2014-01-22,-0.67
2014-01-23,-0.66
2014-01-24,-0.68
2014-01-25,-0.67
2014-01-26,-0.69
2014-01-27,-0.68
2014-01-28,-0.67
2014-01-29,-0.67
2014-01-30,-0.67
2014-01-31,-0.69
2014-02-01,-0.67
2014-02-02,-0.66
2014-02-03,-0.68
2014-02-04,-0.67
2014-02-05,-0.68
2014-02-06,-0.68
2014-02-07,-0.66
2014-02-08,-0.68
2014-02-09,-0.66
2014-02-10,-0.67
2014-02-11,-0.68
2014-02-12,-0.68
2014-02-13,-0.68
2014-02-14,-0.67
2014-02-15,-0.66
2014-02-16,-0.67
2014-02-17,-0.67
2014-02-18,-0.68
2014-02-19,-0.68
2014-02-20,-0.69
2014-02-21,-0.69
2014-02-22,-0.69
2014-02-23,-0.7
2014-02-24,-0.69
2014-02-25,-0.69
2014-02-26,-0.69
2014-02-27,-0.71
2014-02-28,-0.7
2014-03-01,-0.68
2014-03-02,-0.69
2014-03-03,-0.69
2014-03-04,-0.69
2014-03-05,-0.68
2014-03-06,-0.69
2014-03-07,-0.69
2014-03-09,-0.69
2014-03-10,-0.69
2014-03-11,-0.69
2014-03-12,-0.69
2014-03-13,-0.7
2014-03-14,-0.71
2014-03-15,-0.69
2014-03-16,-0.7
2014-03-17,-0.69
2014-03-18,-0.7
2014-03-19,-0.7
2014-03-20,-0.7
2014-03-21,-0.7
2014-03-22,-0.71
2014-03-23,-0.7
2014-03-24,-0.7
2014-03-25,-0.71
2014-03-26,-0.71
2014-03-27,-0.71
2014-03-28,-0.71
2014-03-29,-0.7
2014-03-30,-0.71
2014-03-31,-0.7
2014-04-01,-0.7
2014-04-02,-0.71
2014-04-03,-0.7
2014-04-04,-0.69
2014-04-05,-0.7
2014-04-06,-0.7
2014-04-07,-0.7
2014-04-08,-0.7
2014-04-09,-0.71
2014-04-10,-0.71
2014-04-11,-0.71
2014-04-12,-0.71
2014-04-13,-0.72
2014-04-14,-0.72
2014-04-15,-0.73
2014-04-16,-0.73
2014-04-17,-0.73
2014-04-18,-0.73
2014-04-19,-0.73
2014-04-20,-0.73
2014-04-21,-0.73
2014-04-22,-0.73
2014-04-23,-0.72
2014-04-24,-0.72
2014-04-25,-0.72
2014-04-26,-0.73
2014-04-27,-0.73
2014-04-28,-0.72
2014-04-29,-0.71
2014-04-30,-0.71
2014-05-01,-0.72
2014-05-02,-0.7
2014-05-03,-0.71
2014-05-04,-0.72
2014-05-05,-0.72
2014-05-06,-0.71
2014-05-07,-0.72
2014-05-08,-0.72
2014-05-09,-0.72
2014-05-10,-0.72
2014-05-11,-0.72
2014-05-12,-0.71
2014-05-13,-0.71
2014-05-14,-0.7
2014-05-15,-0.71
2014-05-16,-0.7
2014-05-17,-0.71
2014-05-18,-0.71
2014-05-19,-0.7
2014-05-20,-0.71
2014-05-21,-0.72
2014-05-22,-0.72
2014-05-23,-0.72
2014-05-24,-0.73
2014-05-25,-0.73
2014-05-26,-0.74
2014-05-27,-0.73
2014-05-28,-0.72
2014-05-29,-0.71
2014-05-30,-0.72
2014-05-31,-0.74
2014-06-01,-0.75
2014-06-02,-0.75
2014-06-03,-0.75
2014-06-04,-0.75
2014-06-05,-0.75
2014-06-06,-0.75
2014-06-07,-0.76
2014-06-08,-0.75
2014-06-09,-0.73
2014-06-10,-0.73
2014-06-11,-0.74
2014-06-12,-0.76
2014-06-13,-0.75
2014-06-14,-0.75
2014-06-15,-0.75
2014-06-16,-0.77
2014-06-17,-0.76
2014-06-18,-0.76
2014-06-19,-0.75
2014-06-20,-0.74
2014-06-21,-0.75
2014-06-22,-0.74
2014-06-23,-0.74
2014-06-24,-0.75
2014-06-25,-0.76
2014-06-26,-0.77
2014-06-27,-0.75
2014-06-28,-0.75
2014-06-29,-0.74
2014-06-30,-0.74
2014-07-01,-0.75
2014-07-02,-0.76
2014-07-03,-0.76
2014-07-04,-0.76
2014-07-05,-0.74
2014-07-06,-0.74
2014-07-07,-0.75
2014-07-08,-0.74
2014-07-09,-0.74
2014-07-10,-0.71
2014-07-11,-0.69
2014-07-12,-0.69
2014-07-13,-0.69
2014-07-14,-0.68
2014-07-15,-0.69
2014-07-16,-0.68
2014-07-17,-0.68
2014-07-18,-0.68
2014-07-19,-0.7
2014-07-20,-0.68
2014-07-21,-0.68
2014-07-22,-0.68
2014-07-23,-0.67
2014-07-24,-0.68
2014-07-25,-0.7
2014-07-26,-0.69
2014-07-27,-0.69
2014-07-28,-0.7
2014-07-29,-0.7
2014-07-30,-0.7
2014-07-31,-0.73
2014-08-01,-0.73
2014-08-02,-0.7
2014-08-03,-0.72
2014-08-04,-0.72
2014-08-05,-0.71
2014-08-06,-0.7
2014-08-07,-0.7
2014-08-08,-0.69
2014-08-09,-0.69
2014-08-10,-0.69
2014-08-11,-0.72
2014-08-12,-0.72
2014-08-13,-0.72
2014-08-14,-0.72
2014-08-15,-0.72
2014-08-16,-0.72
2014-08-17,-0.72
2014-08-18,-0.72
2014-08-19,-0.72
2014-08-20,-0.74
2014-08-21,-0.74
2014-08-22,-0.73
2014-08-23,-0.71
2014-08-24,-0.72
2014-08-25,-0.71
2014-08-26,-0.69
2014-08-27,-0.69
2014-08-28,-0.67
2014-08-29,-0.67
2014-08-30,-0.67
2014-08-31,-0.68
2014-09-01,-0.7
2014-09-02,-0.68
2014-09-03,-0.68
2014-09-04,-0.7
2014-09-05,-0.66
2014-09-06,-0.65
2014-09-07,-0.68
2014-09-08,-0.67
2014-09-09,-0.69
2014-09-10,-0.69
2014-09-11,-0.7
2014-09-12,-0.7
2014-09-13,-0.7
2014-09-14,-0.69
2014-09-15,-0.69
2014-09-16,-0.69
2014-09-17,-0.69
2014-09-18,-0.67
2014-09-19,-0.68
2014-09-20,-0.66
2014-09-21,-0.66
2014-09-22,-0.73
2014-09-23,-0.72
2014-09-24,-0.71
2014-09-25,-0.71
2014-09-26,-0.7
2014-10-01,-0.58
2014-10-02,-0.6
2014-10-03,-0.6
2014-10-04,-0.62
2014-10-05,-0.64
2014-10-06,-0.62
2014-10-07,-0.6
2014-10-08,-0.62
2014-10-09,-0.59
2014-10-10,-0.61
2014-10-11,-0.61
2014-10-12,-0.61
2014-10-13,-0.57
2014-10-14,-0.6
2014-10-15,-0.6
2014-10-16,-0.58
2014-10-17,-0.58
2014-10-18,-0.58
2014-10-19,-0.57
2014-10-20,-0.6
2014-10-21,-0.59
2014-10-22,-0.64
2014-10-23,-0.65
2014-10-24,-0.63
2014-10-25,-0.63
2014-10-26,-0.64
2014-10-27,-0.64
2014-10-28,-0.63
2014-10-29,-0.63
2014-10-30,-0.63
2014-10-31,-0.62
2014-11-01,-0.62
2014-11-02,-0.61
2014-11-03,-0.6
2014-11-04,-0.57
2014-11-05,-0.6
2014-11-06,-0.61
2014-11-07,-0.6
2014-11-08,-0.63
2014-11-09,-0.63
2014-11-10,-0.64
2014-11-11,-0.64
2014-11-12,-0.61
2014-11-13,-0.64
2014-11-14,-0.62
2014-11-15,-0.6
2014-11-16,-0.6
2014-11-17,-0.59
2014-11-18,-0.61
2014-11-19,-0.63
2014-11-20,-0.65
2014-11-21,-0.66
2014-11-22,-0.64
2014-11-23,-0.63
2014-11-24,-0.64
2014-11-25,-0.66
2014-11-26,-0.65
2014-11-27,-0.64
2014-11-28,-0.63
2014-11-29,-0.65
2014-11-30,-0.66
2014-12-01,-0.66
2014-12-02,-0.67
2014-12-03,-0.66
2014-12-04,-0.66
2014-12-05,-0.66
2014-12-06,-0.68
2014-12-07,-0.7
2014-12-08,-0.71
2014-12-09,-0.71
2014-12-10,-0.71
2014-12-11,-0.72
2014-12-12,-0.71
2014-12-13,-0.67
2014-12-14,-0.69
2014-12-15,-0.69
2014-12-16,-0.7
2014-12-17,-0.71
2014-12-18,-0.7
2014-12-19,-0.69
2014-12-20,-0.69
2014-12-21,-0.7
2014-12-22,-0.69
2014-12-23,-0.69
2014-12-24,-0.69
2014-12-25,-0.71
2014-12-26,-0.71
2014-12-27,-0.68
2014-12-28,-0.67
2014-12-29,-0.69
2014-12-30,-0.7
2014-12-31,-0.7
2015-01-01,-0.7
2015-01-02,-0.7
2015-01-03,-0.72
2015-01-04,-0.67
2015-01-05,-0.68
2015-01-06,-0.69
2015-01-07,-0.69
2015-01-08,-0.69
2015-01-09,-0.64
2015-01-10,-0.64
2015-01-11,-0.66
2015-01-12,-0.67
2015-01-13,-0.67
2015-01-14,-0.68
2015-01-15,-0.66
2015-01-16,-0.66
2015-01-17,-0.67
2015-01-18,-0.67
2015-01-19,-0.68
2015-01-20,-0.67
2015-01-21,-0.68
2015-01-22,-0.69
2015-01-23,-0.69
2015-01-24,-0.69
2015-01-25,-0.69
2015-01-26,-0.7
2015-01-27,-0.7
2015-01-28,-0.71
2015-01-29,-0.7
2015-01-30,-0.69
2015-01-31,-0.7
2015-02-01,-0.7
2015-02-02,-0.7
2015-02-03,-0.69
2015-02-04,-0.69
2015-02-05,-0.7
2015-02-06,-0.7
2015-02-07,-0.7
2015-02-08,-0.69
2015-02-09,-0.69
2015-02-10,-0.69
2015-02-11,-0.69
2015-02-12,-0.69
2015-02-13,-0.69
2015-02-14,-0.68
2015-02-15,-0.68
2015-02-16,-0.7
2015-02-17,-0.68
2015-02-18,-0.7
2015-02-19,-0.69
2015-02-20,-0.69
2015-02-21,-0.65
2015-02-22,-0.65
2015-02-23,-0.65
2015-02-24,-0.65
2015-02-25,-0.66
2015-02-26,-0.67
2015-02-27,-0.66
2015-02-28,-0.68
2015-03-01,-0.67
2015-03-02,-0.68
2015-03-03,-0.68
2015-03-04,-0.68
2015-03-05,-0.68
2015-03-06,-0.68
2015-03-07,-0.68
2015-03-08,-0.67
2015-03-09,-0.66
2015-03-10,-0.66
2015-03-11,-0.69
2015-03-12,-0.69
2015-03-13,-0.69
2015-03-14,-0.69
2015-03-15,-0.68
2015-03-16,-0.69
2015-03-17,-0.68
2015-03-18,-0.68
2015-03-19,-0.68
2015-03-20,-0.68
2015-03-21,-0.67
2015-03-22,-0.67
2015-03-23,-0.69
2015-03-24,-0.68
2015-03-25,-0.66
2015-03-26,-0.67
2015-03-27,-0.66
2015-03-28,-0.67
2015-03-29,-0.66
2015-03-30,-0.64
2015-03-31,-0.63
2015-04-01,-0.67
2015-04-02,-0.65
2015-04-03,-0.67
2015-04-04,-0.66
2015-04-05,-0.68
2015-04-06,-0.68
2015-04-07,-0.68
2015-04-08,-0.68
2015-04-09,-0.67
2015-04-10,-0.67
2015-04-11,-0.62
2015-04-12,-0.68
2015-04-13,-0.66
2015-04-14,-0.66
2015-04-15,-0.66
2015-04-16,-0.65
2015-04-17,-0.64
2015-04-18,-0.67
2015-04-19,-0.68
2015-04-20,-0.66
2015-04-21,-0.66
2015-04-22,-0.67
2015-04-23,-0.68
2015-04-24,-0.66
2015-04-25,-0.64
2015-04-26,-0.62
2015-04-27,-0.67
2015-04-28,-0.68
2015-04-29,-0.68
2015-04-30,-0.67
2015-05-01,-0.67
2015-05-02,-0.65
2015-05-03,-0.62
2015-05-04,-0.61
2015-05-05,-0.68
2015-05-06,-0.65
2015-05-07,-0.66
2015-05-08,-0.65
2015-05-09,-0.68
2015-05-10,-0.65
2015-05-11,-0.69
2015-05-12,-0.71
2015-05-13,-0.66
2015-05-14,-0.65
2015-05-15,-0.64
2015-05-16,-0.66
2015-05-17,-0.64
2015-05-18,-0.65
2015-05-19,-0.66
2015-05-20,-0.66
2015-05-21,-0.65
2015-05-22,-0.65
2015-05-23,-0.68
2015-05-24,-0.67
2015-05-25,-0.7
2015-05-26,-0.67
2015-05-27,-0.68
2015-05-28,-0.7
2015-05-29,-0.69
2015-05-30,-0.67
2015-05-31,-0.67
2015-06-01,-0.67
2015-06-02,-0.67
2015-06-03,-0.71
2015-06-04,-0.7
2015-06-05,-0.75
2015-06-06,-0.73
2015-06-07,-0.69
2015-06-08,-0.7
2015-06-09,-0.7
2015-06-10,-0.69
2015-06-11,-0.74
2015-06-12,-0.76
2015-06-13,-0.74
2015-06-14,-0.73
2015-06-15,-0.75
2015-06-16,-0.71
2015-06-17,-0.72
2015-06-18,-0.76
2015-06-19,-0.72
2015-06-20,-0.7
2015-06-21,-0.73
2015-06-22,-0.73
2015-06-23,-0.69
2015-06-24,-0.69
2015-06-25,-0.74
2015-06-26,-0.76
2015-06-27,-0.77
2015-06-28,-0.76
2015-06-29,-0.76
2015-06-30,-0.76
2015-07-01,-0.78
2015-07-02,-0.78
2015-07-03,-0.77
2015-07-04,-0.78
2015-07-05,-0.79
2015-07-06,-0.77
2015-07-07,-0.78
2015-07-08,-0.77
2015-07-09,-0.74
2015-07-10,-0.72
2015-07-11,-0.77
2015-07-12,-0.76
2015-07-13,-0.77
2015-07-14,-0.76
2015-07-15,-0.77
2015-07-16,-0.77
2015-07-17,-0.78
2015-07-18,-0.78
2015-07-19,-0.8
2015-07-20,-0.79
2015-07-21,-0.79
2015-07-22,-0.79
2015-07-23,-0.78
2015-07-24,-0.8
2015-07-25,-0.78
2015-07-26,-0.77
2015-07-27,-0.76
2015-07-28,-0.75
2015-07-29,-0.74
2015-07-30,-0.74
2015-07-31,-0.73
2015-08-01,-0.75
2015-08-02,-0.76
2015-08-03,-0.78
2015-08-04,-0.78
2015-08-05,-0.76
2015-08-06,-0.78
2015-08-07,-0.77
2015-08-08,-0.77
2015-08-09,-0.77
2015-08-10,-0.78
2015-08-11,-0.77
2015-08-12,-0.78
2015-08-13,-0.79
2015-08-14,-0.78
2015-08-15,-0.77
2015-08-16,-0.75
2015-08-17,-0.74
2015-08-18,-0.75
2015-08-19,-0.76
2015-08-20,-0.77
2015-08-21,-0.77
2015-08-22,-0.79
2015-08-23,-0.8
2015-08-24,-0.78
2015-08-25,-0.77
2015-08-26,-0.77
2015-08-27,-0.77
2015-08-28,-0.75
2015-08-29,-0.75
2015-08-30,-0.76
2015-08-31,-0.77
2015-09-01,-0.76
2015-09-02,-0.74
2015-09-03,-0.72
2015-09-04,-0.73
2015-09-05,-0.71
2015-09-06,-0.7
2015-09-07,-0.71
2015-09-08,-0.72
2015-09-09,-0.72
2015-09-10,-0.74
2015-09-11,-0.73
2015-09-12,-0.74
2015-09-13,-0.74
2015-09-14,-0.72
2015-09-15,-0.73
2015-09-16,-0.73
2015-09-17,-0.72
2015-09-18,-0.72
2015-09-19,-0.72
2015-09-20,-0.72
2015-09-21,-0.72
2015-09-22,-0.72
2015-09-23,-0.7
2015-09-24,-0.71
2015-09-25,-0.7
2015-09-26,-0.7
2015-09-27,-0.69
2015-09-28,-0.7
2015-09-29,-0.7
2015-10-02,-0.78
2015-10-03,-0.75
2015-10-04,-0.73
2015-10-05,-0.74
2015-10-06,-0.74
2015-10-07,-0.73
2015-10-08,-0.73
2015-10-09,-0.71
2015-10-10,-0.72
2015-10-11,-0.71
2015-10-12,-0.7
2015-10-13,-0.7
2015-10-14,-0.69
2015-10-15,-0.68
2015-10-16,-0.69
2015-10-17,-0.7
2015-10-18,-0.7
2015-10-19,-0.72
2015-10-20,-0.72
2015-10-21,-0.72
2015-10-22,-0.71
2015-10-23,-0.71
2015-10-24,-0.71
2015-10-25,-0.7
2015-10-26,-0.71
2015-10-27,-0.71
2015-10-28,-0.71
2015-10-29,-0.7
2015-10-30,-0.69
2015-10-31,-0.69
2015-11-01,-0.67
2015-11-02,-0.68
2015-11-03,-0.67
2015-11-04,-0.69
2015-11-05,-0.69
2015-11-06,-0.7
2015-11-07,-0.71
2015-11-08,-0.7
2015-11-09,-0.69
2015-11-10,-0.7
2015-11-11,-0.69
2015-11-12,-0.69
2015-11-13,-0.69
2015-11-14,-0.68
2015-11-15,-0.7
2015-11-16,-0.69
2015-11-17,-0.69
2015-11-18,-0.69
2015-11-19,-0.69
2015-11-20,-0.69
2015-11-21,-0.67
2015-11-22,-0.64
2015-11-23,-0.61
2015-11-24,-0.62
2015-11-25,-0.65
2015-11-26,-0.63
2015-11-27,-0.63
2015-11-28,-0.64
2015-11-29,-0.68
2015-11-30,-0.7
2015-12-01,-0.67
2015-12-02,-0.68
2015-12-03,-0.68
2015-12-04,-0.67
2015-12-05,-0.68
2015-12-06,-0.69
2015-12-07,-0.69
2015-12-08,-0.69
2015-12-09,-0.67
2015-12-10,-0.68
2015-12-11,-0.67
2015-12-12,-0.67
2015-12-13,-0.67
2015-12-14,-0.67
2015-12-15,-0.67
2015-12-16,-0.67
2015-12-17,-0.68
2015-12-18,-0.67
2015-12-19,-0.67
2015-12-20,-0.67
2015-12-21,-0.67
2015-12-22,-0.67
2015-12-23,-0.66
2015-12-24,-0.67
2015-12-25,-0.67
2015-12-26,-0.68
2015-12-27,-0.66
2015-12-28,-0.67
2015-12-29,-0.66
2015-12-30,-0.67
2015-12-31,-0.66
2016-01-01,-0.66
2016-01-02,-0.66
2016-01-03,-0.66
2016-01-04,-0.63
2016-01-05,-0.63
2016-01-06,-0.65
2016-01-07,-0.66
2016-01-08,-0.63
2016-01-09,-0.64
2016-01-10,-0.65
2016-01-11,-0.65
2016-01-12,-0.65
2016-01-13,-0.65
2016-01-14,-0.66
2016-01-15,-0.62
2016-01-16,-0.61
2016-01-17,-0.62
2016-01-18,-0.61
2016-01-19,-0.59
2016-01-20,-0.6
2016-01-21,-0.61
2016-01-22,-0.62
2016-01-23,-0.68
2016-01-24,-0.69
2016-01-25,-0.7
2016-01-26,-0.71
2016-01-27,-0.72
2016-01-28,-0.69
2016-01-29,-0.68
2016-01-30,-0.7
2016-01-31,-0.66
2016-02-01,-0.67
2016-02-02,-0.68
2016-02-03,-0.65
2016-02-04,-0.66
2016-02-05,-0.68
2016-02-06,-0.67
2016-02-07,-0.67
2016-02-08,-0.66
2016-02-09,-0.68
2016-02-10,-0.62
2016-02-11,-0.63
2016-02-12,-0.66
2016-02-13,-0.65
2016-02-14,-0.65
2016-02-15,-0.64
2016-02-16,-0.63
2016-02-17,-0.64
2016-02-18,-0.64
2016-02-19,-0.66
2016-02-20,-0.69
2016-02-21,-0.7
2016-02-22,-0.69
2016-02-23,-0.66
2016-02-24,-0.66
2016-02-25,-0.66
2016-02-26,-0.66
2016-02-27,-0.66
2016-02-28,-0.65
2016-02-29,-0.66
2016-03-01,-0.67
2016-03-02,-0.69
2016-03-03,-0.66
2016-03-04,-0.68
2016-03-05,-0.64
2016-03-06,-0.66
2016-03-07,-0.66
2016-03-08,-0.66
2016-03-09,-0.68
2016-03-10,-0.67
2016-03-11,-0.68
2016-03-12,-0.69
2016-03-13,-0.69
2016-03-14,-0.69
2016-03-15,-0.69
2016-03-16,-0.7
2016-03-17,-0.69
2016-03-18,-0.69
2016-03-19,-0.69
2016-03-20,-0.69
2016-03-21,-0.7
2016-03-22,-0.69
2016-03-23,-0.7
2016-03-24,-0.7
2016-03-25,-0.7
2016-03-26,-0.7
2016-03-27,-0.68
2016-03-28,-0.69
2016-03-29,-0.68
2016-03-30,-0.69
2016-03-31,-0.69
2016-04-01,-0.69
2016-04-02,-0.69
2016-04-03,-0.7
2016-04-04,-0.69
2016-04-05,-0.69
2016-04-06,-0.69
2016-04-07,-0.69
2016-04-08,-0.68
2016-04-09,-0.68
2016-04-10,-0.68
2016-04-11,-0.68
2016-04-12,-0.69
2016-04-13,-0.69
2016-04-14,-0.68
2016-04-15,-0.67
2016-04-16,-0.66
2016-04-17,-0.66
2016-04-18,-0.67
2016-04-19,-0.68
2016-04-20,-0.69
2016-04-21,-0.69
2016-04-22,-0.7
2016-04-23,-0.69
2016-04-24,-0.69
2016-04-25,-0.68
2016-04-26,-0.67
2016-04-27,-0.66
2016-04-28,-0.65
2016-04-29,-0.66
2016-04-30,-0.68
2016-05-01,-0.68
2016-05-02,-0.69
2016-05-03,-0.69
2016-05-04,-0.69
2016-05-05,-0.7
2016-05-06,-0.7
2016-05-07,-0.7
2016-05-08,-0.71
2016-05-09,-0.72
2016-05-10,-0.71
2016-05-11,-0.71
2016-05-12,-0.71
2016-05-13,-0.7
2016-05-14,-0.71
2016-05-15,-0.71
2016-05-16,-0.71
2016-05-17,-0.71
2016-05-18,-0.72
2016-05-19,-0.71
2016-05-20,-0.72
2016-05-21,-0.72
2016-05-22,-0.71
2016-05-23,-0.7
2016-05-24,-0.71
2016-05-25,-0.71
2016-05-26,-0.71
2016-05-27,-0.71
2016-05-28,-0.7
2016-05-29,-0.69
2016-05-30,-0.7
2016-05-31,-0.62
2016-06-01,-0.66
2016-06-02,-0.68
2016-06-03,-0.69
2016-06-04,-0.69
2016-06-05,-0.68
2016-06-06,-0.69
2016-06-07,-0.7
2016-06-08,-0.7
2016-06-09,-0.7
2016-06-10,-0.7
2016-06-11,-0.7
2016-06-12,-0.71
2016-06-13,-0.7
2016-06-14,-0.71
2016-06-15,-0.72
2016-06-16,-0.69
2016-06-17,-0.69
2016-06-18,-0.71
2016-06-19,-0.7
2016-06-20,-0.71
2016-06-21,-0.69
2016-06-22,-0.69
2016-06-23,-0.69
2016-06-24,-0.7
2016-06-25,-0.71
2016-06-26,-0.71
2016-06-27,-0.71
2016-06-28,-0.7
2016-06-29,-0.7
2016-06-30,-0.71
2016-07-01,-0.7
2016-07-02,-0.68
2016-07-03,-0.68
2016-07-04,-0.7
2016-07-05,-0.7
2016-07-06,-0.7
2016-07-07,-0.71
2016-07-08,-0.71
2016-07-09,-0.72
2016-07-10,-0.72
2016-07-11,-0.73
2016-07-12,-0.72
2016-07-13,-0.71
2016-07-14,-0.71
2016-07-15,-0.71
2016-07-16,-0.72
2016-07-17,-0.72
2016-07-18,-0.72
2016-07-19,-0.73
2016-07-20,-0.73
2016-07-21,-0.73
2016-07-22,-0.73
2016-07-23,-0.73
2016-07-24,-0.71
2016-07-25,-0.72
2016-07-26,-0.72
2016-07-27,-0.72
2016-07-28,-0.72
2016-07-29,-0.72
2016-07-30,-0.73
2016-07-31,-0.72
2016-08-01,-0.73
2016-08-02,-0.74
2016-08-03,-0.72
2016-08-04,-0.71
2016-08-05,-0.71
2016-08-06,-0.72
2016-08-07,-0.72
2016-08-08,-0.73
2016-08-09,-0.73
2016-08-10,-0.73
2016-08-11,-0.73
2016-08-12,-0.73
2016-08-13,-0.73
2016-08-14,-0.74
2016-08-15,-0.74
2016-08-16,-0.74
2016-08-17,-0.75
2016-08-18,-0.75
2016-08-19,-0.76
2016-08-20,-0.75
2016-08-21,-0.77
2016-08-22,-0.76
2016-08-23,-0.77
2016-08-24,-0.77
2016-08-25,-0.78
2016-08-26,-0.78
2016-08-27,-0.78
2016-08-28,-0.77
2016-08-29,-0.77
2016-08-30,-0.77
2016-08-31,-0.76
2016-09-01,-0.76
2016-09-02,-0.76
2016-09-03,-0.76
2016-09-04,-0.76
2016-09-05,-0.75
2016-09-06,-0.75
2016-09-07,-0.75
2016-09-08,-0.75
2016-09-09,-0.77
2016-09-10,-0.76
2016-09-11,-0.76
2016-09-12,-0.76
2016-09-13,-0.77
2016-09-14,-0.78
2016-09-15,-0.78
2016-09-16,-0.77
2016-09-17,-0.76
2016-09-18,-0.76
2016-09-19,-0.76
2016-09-20,-0.77
2016-09-21,-0.76
2016-09-22,-0.76
2016-09-23,-0.76
2016-09-24,-0.77
2016-09-25,-0.78
2016-09-26,-0.77
2016-09-27,-0.77
2016-09-28,-0.77
2016-09-29,-0.78
2016-09-30,-0.77
2016-10-01,-0.76
2016-10-02,-0.75
2016-10-03,-0.75
2016-10-04,-0.75
2016-10-09,-0.77
2016-10-10,-0.76
2016-10-11,-0.75
2016-10-12,-0.75
2016-10-13,-0.75
2016-10-14,-0.76
2016-10-15,-0.75
2016-10-16,-0.76
2016-10-17,-0.76
2016-10-18,-0.76
2016-10-19,-0.75
2016-10-20,-0.74
2016-10-21,-0.73
2016-10-22,-0.73
2016-10-23,-0.72
2016-10-24,-0.72
2016-10-25,-0.71
2016-10-26,-0.72
2016-10-27,-0.72
2016-10-28,-0.71
2016-10-29,-0.72
2016-10-30,-0.71
2016-10-31,-0.72
2016-11-01,-0.71
2016-11-02,-0.71
2016-11-03,-0.71
2016-11-04,-0.71
2016-11-05,-0.7
2016-11-06,-0.71
2016-11-07,-0.7
2016-11-08,-0.71
2016-11-09,-0.72
2016-11-10,-0.71
2016-11-11,-0.7
2016-11-12,-0.73
2016-11-13,-0.72
2016-11-14,-0.73
2016-11-15,-0.74
2016-11-16,-0.73
2016-11-17,-0.72
2016-11-18,-0.71
2016-11-19,-0.69
2016-11-20,-0.7
2016-11-21,-0.7
2016-11-22,-0.7
2016-11-23,-0.71
2016-11-24,-0.71
2016-11-25,-0.73
2016-11-26,-0.73
2016-11-27,-0.73
2016-11-28,-0.73
2016-11-29,-0.73
2016-11-30,-0.73
2016-12-01,-0.75
2016-12-02,-0.75
2016-12-03,-0.75
2016-12-04,-0.74
2016-12-05,-0.74
2016-12-06,-0.75
2016-12-07,-0.75
2016-12-08,-0.76
2016-12-09,-0.75
2016-12-10,-0.75
2016-12-11,-0.74
2016-12-12,-0.75
2016-12-13,-0.75
2016-12-14,-0.74
2016-12-15,-0.75
2016-12-16,-0.75
2016-12-17,-0.74
2016-12-18,-0.75
2016-12-19,-0.76
2016-12-20,-0.75
2016-12-21,-0.74
2016-12-22,-0.73
2016-12-23,-0.74
2016-12-24,-0.74
2016-12-25,-0.75
2016-12-26,-0.72
2016-12-27,-0.73
2016-12-28,-0.75
2016-12-29,-0.75
2016-12-30,-0.74
2016-12-31,-0.75
