Proefvlak;Boom;Ploeg;Meting;Omtrek;Referentie;Toestel;Hoogte
1;1;1;1;106;106,0333333;1;22,75
1;1;1;2;105;106,0333333;1;21,92
1;1;1;3;105;106,0333333;1;20,7
1;1;2;1;108;106,0333333;1;21,32
1;1;2;2;108;106,0333333;1;21,96
1;1;2;3;106;106,0333333;1;20,65
1;1;3;1;110;106,0333333;1;20,36
1;1;4;1;105;106,0333333;2;24,1
1;1;4;1;105;106,0333333;1;24,45
1;1;4;2;106;106,0333333;1;23,07
1;1;4;2;106;106,0333333;2;23,2
1;1;4;3;105;106,0333333;1;22,12
1;1;4;3;105;106,0333333;2;22,12
1;1;5;1;107,5;106,0333333;2;20,6
1;1;6;1;107;106,0333333;NA;NA
1;1;6;2;108;106,0333333;NA;NA
1;1;6;3;107;106,0333333;NA;NA
1;1;7;1;106,6;106,0333333;NA;NA
1;1;7;2;105,6;106,0333333;NA;NA
1;1;7;3;105,9;106,0333333;NA;NA
1;2;1;1;109;108,8666667;1;20,57
1;2;2;1;109;108,8666667;1;23,94
1;2;3;1;111;108,8666667;1;20,2
1;2;3;2;110;108,8666667;1;19,69
1;2;3;3;99;108,8666667;1;19,26
1;2;4;1;109;108,8666667;1;23,13
1;2;4;1;109;108,8666667;2;23,3
1;2;5;1;110;108,8666667;2;21,4
1;2;6;1;110;108,8666667;NA;NA
1;2;7;1;109,1;108,8666667;NA;NA
1;2;7;2;108,5;108,8666667;NA;NA
1;2;7;3;109;108,8666667;NA;NA
1;3;1;1;103;101,4;1;22,36
1;3;1;2;103;101,4;1;21,73
1;3;1;3;103;101,4;1;20,83
1;3;2;1;102;101,4;1;20,27
1;3;3;1;103;101,4;1;20,56
1;3;3;2;103;101,4;1;20,61
1;3;3;3;103;101,4;1;21,17
1;3;4;1;101;101,4;1;23,38
1;3;4;1;101;101,4;2;22,9
1;3;5;1;103;101,4;2;19,6
1;3;5;2;102;101,4;2;18,6
1;3;5;3;102,5;101,4;2;19,9
1;3;6;1;103;101,4;NA;NA
1;3;7;1;101,5;101,4;NA;NA
1;3;7;2;101,3;101,4;NA;NA
1;3;7;3;101,4;101,4;NA;NA
1;4;1;1;112;112,3;1;21,84
1;4;2;1;114;112,3;1;21,57
1;4;3;1;114;112,3;1;20,87
1;4;4;1;113;112,3;2;24
1;4;4;1;113;112,3;1;23,31
1;4;4;2;112;112,3;1;22,47
1;4;4;2;112;112,3;2;22,9
1;4;4;3;113;112,3;1;22,27
1;4;4;3;113;112,3;2;22
1;4;5;1;114,5;112,3;2;21
1;4;5;2;114,5;112,3;2;21
1;4;5;3;114;112,3;2;21,7
1;4;6;1;114;112,3;NA;NA
1;4;6;2;114;112,3;NA;NA
1;4;6;3;113;112,3;NA;NA
1;4;7;1;112,5;112,3;NA;NA
1;4;7;2;112,3;112,3;NA;NA
1;4;7;3;112,1;112,3;NA;NA
1;5;1;1;115;116,7;1;21,73
1;5;2;1;117;116,7;1;21,46
1;5;3;1;118;116,7;1;22,6
1;5;4;1;116;116,7;2;25,3
1;5;4;1;116;116,7;1;26,29
1;5;4;2;116;116,7;2;24,5
1;5;4;2;116;116,7;1;24,3
1;5;4;3;116;116,7;1;23,38
1;5;4;3;116;116,7;2;24,2
1;5;5;1;117;116,7;2;22,4
1;5;5;2;118;116,7;2;20,8
1;5;5;3;117,5;116,7;2;23,6
1;5;5;4;NA;NA;2;21,2
1;5;6;1;117;116,7;NA;NA
1;5;7;1;117,1;116,7;NA;NA
1;5;7;2;116,6;116,7;NA;NA
1;5;7;3;116,4;116,7;NA;NA
1;6;1;1;98;94,76666667;1;21,01
1;6;1;2;109;94,76666667;1;21,86
1;6;1;3;98;94,76666667;1;21,12
1;6;2;1;100;94,76666667;1;21,69
1;6;2;2;99;94,76666667;1;21,09
1;6;2;3;99;94,76666667;1;20,14
1;6;3;1;99;94,76666667;1;20,11
1;6;3;2;99;94,76666667;1;20,29
1;6;3;3;99;94,76666667;1;21,25
1;6;4;1;98;94,76666667;2;20,9
1;6;4;1;98;94,76666667;1;20,91
1;6;4;2;100;94,76666667;1;20,67
1;6;4;2;100;94,76666667;2;20,7
1;6;4;3;99;94,76666667;1;20,21
1;6;4;3;99;94,76666667;2;20,4
1;6;5;1;100,5;94,76666667;2;19,5
1;6;5;2;99,5;94,76666667;2;22,6
1;6;5;3;100;94,76666667;2;21,9
1;6;5;4;NA;NA;2;20,7
1;6;6;1;100;94,76666667;NA;NA
1;6;7;1;94,4;94,76666667;NA;NA
1;6;7;2;95,5;94,76666667;NA;NA
1;6;7;3;94,4;94,76666667;NA;NA
1;7;1;1;85;83,76666667;1;20,68
1;7;2;1;84;83,76666667;1;19,58
1;7;2;2;85;83,76666667;1;20,59
1;7;2;3;84;83,76666667;1;19,51
1;7;3;1;86;83,76666667;1;21,03
1;7;4;1;83;83,76666667;2;22,5
1;7;4;1;83;83,76666667;1;23,88
1;7;5;1;85,5;83,76666667;2;19,9
1;7;6;1;85;83,76666667;NA;NA
1;7;6;2;85;83,76666667;NA;NA
1;7;6;3;85;83,76666667;NA;NA
1;7;7;1;83,8;83,76666667;NA;NA
1;7;7;2;83,8;83,76666667;NA;NA
1;7;7;3;83,7;83,76666667;NA;NA
1;8;1;1;99;99,96666667;1;20,9
1;8;1;2;99;99,96666667;1;21,52
1;8;1;3;99;99,96666667;1;20,48
1;8;2;1;103;99,96666667;1;20,14
1;8;2;2;102;99,96666667;1;18,89
1;8;2;3;101;99,96666667;1;19,26
1;8;3;1;103;99,96666667;1;20,67
1;8;4;1;100;99,96666667;2;23
1;8;4;1;100;99,96666667;1;22,36
1;8;4;2;100;99,96666667;1;21,42
1;8;4;2;100;99,96666667;2;19,8
1;8;4;3;100;99,96666667;2;19,2
1;8;4;3;100;99,96666667;1;18,14
1;8;5;1;102;99,96666667;2;22
1;8;6;1;100;99,96666667;NA;NA
1;8;7;1;99,8;99,96666667;NA;NA
1;8;7;2;100;99,96666667;NA;NA
1;8;7;3;100,1;99,96666667;NA;NA
1;9;1;1;97;97,33333333;1;19,91
1;9;2;1;99;97,33333333;1;18,58
1;9;2;2;99;97,33333333;1;17,92
1;9;2;3;99;97,33333333;1;18,04
1;9;3;1;99;97,33333333;1;18,49
1;9;4;1;97;97,33333333;2;22,8
1;9;4;1;97;97,33333333;1;23,35
1;9;5;1;99;97,33333333;2;17
1;9;6;1;98;97,33333333;NA;NA
1;9;7;1;97,1;97,33333333;NA;NA
1;9;7;2;97,4;97,33333333;NA;NA
1;9;7;3;97,5;97,33333333;NA;NA
1;10;1;1;113;112,9;1;21,79
1;10;2;1;115;112,9;1;21,38
1;10;2;2;115;112,9;1;23,73
1;10;2;3;116;112,9;1;22,48
1;10;3;1;115;112,9;1;22,36
1;10;3;2;115;112,9;1;20,93
1;10;3;3;115;112,9;1;21,6
1;10;4;1;114;112,9;1;21,24
1;10;4;1;114;112,9;2;21,2
1;10;5;1;114,5;112,9;2;19,7
1;10;5;2;115;112,9;2;21,3
1;10;5;3;114,5;112,9;2;22,1
1;10;5;4;NA;NA;2;20,4
1;10;6;1;114;112,9;NA;NA
1;10;6;2;115;112,9;NA;NA
1;10;6;3;115;112,9;NA;NA
1;10;7;1;112,8;112,9;NA;NA
1;10;7;2;112,9;112,9;NA;NA
1;10;7;3;113;112,9;NA;NA
1;11;1;1;94;94,66666667;1;22,31
1;11;1;2;94;94,66666667;1;20,87
1;11;1;3;94;94,66666667;1;21,94
1;11;2;1;99;94,66666667;1;19,96
1;11;3;1;100;94,66666667;1;21,83
1;11;3;2;100;94,66666667;1;21,04
1;11;3;3;100;94,66666667;1;20,21
1;11;4;1;97;94,66666667;2;21,7
1;11;4;1;97;94,66666667;1;21,59
1;11;5;1;97,5;94,66666667;2;21,6
1;11;5;2;97;94,66666667;2;22
1;11;5;3;97;94,66666667;2;21,6
1;11;6;1;98;94,66666667;NA;NA
1;11;6;2;97;94,66666667;NA;NA
1;11;6;3;100;94,66666667;NA;NA
1;11;7;1;94,7;94,66666667;NA;NA
1;11;7;2;94,8;94,66666667;NA;NA
1;11;7;3;94,5;94,66666667;NA;NA
1;12;1;1;105;105,3;1;22,17
1;12;1;2;105;105,3;1;22,26
1;12;1;3;105;105,3;1;22,51
1;12;2;1;106;105,3;1;22,29
1;12;3;1;107;105,3;1;22,42
1;12;3;2;107;105,3;1;23,54
1;12;3;3;106;105,3;1;23,59
1;12;4;1;106;105,3;1;23,61
1;12;4;1;106;105,3;2;23,8
1;12;4;2;105;105,3;1;23,88
1;12;4;2;105;105,3;2;24,8
1;12;4;3;105;105,3;2;23
1;12;4;3;105;105,3;1;22,93
1;12;5;1;106,5;105,3;2;23,2
1;12;6;1;106;105,3;NA;NA
1;12;6;2;107;105,3;NA;NA
1;12;6;3;107;105,3;NA;NA
1;12;7;1;105,4;105,3;NA;NA
1;12;7;2;105,3;105,3;NA;NA
1;12;7;3;105,2;105,3;NA;NA
2;1;1;1;95;95,8;1;25,84
2;1;2;1;96;95,8;1;25,05
2;1;3;1;98;95,8;1;24,42
2;1;4;1;100;95,8;1;20,17
2;1;4;1;100;95,8;2;19,5
2;1;4;2;98;95,8;1;19,18
2;1;4;2;98;95,8;2;18,8
2;1;4;3;97;95,8;2;18,6
2;1;4;3;97;95,8;1;18,36
2;1;5;1;97;95,8;2;20,7
2;1;6;1;96;95,8;NA;NA
2;1;6;2;96;95,8;NA;NA
2;1;6;3;95;95,8;NA;NA
2;1;7;1;96;95,8;NA;NA
2;1;7;2;95,8;95,8;NA;NA
2;1;7;3;95,6;95,8;NA;NA
2;2;1;1;153;151,2333333;1;28,75
2;2;1;2;151;151,2333333;1;28,22
2;2;1;3;151;151,2333333;1;25,91
2;2;2;1;152;151,2333333;1;26,41
2;2;2;2;152;151,2333333;1;30,6
2;2;2;3;152;151,2333333;1;27,28
2;2;3;1;153;151,2333333;1;27,36
2;2;4;1;154;151,2333333;2;22,3
2;2;4;1;154;151,2333333;1;24,34
2;2;5;1;153;151,2333333;2;24,1
2;2;5;2;153;151,2333333;2;26,9
2;2;5;3;153;151,2333333;2;26,7
2;2;5;4;NA;NA;2;26,7
2;2;6;1;152;151,2333333;NA;NA
2;2;6;2;154;151,2333333;NA;NA
2;2;6;3;154;151,2333333;NA;NA
2;2;7;1;152;151,2333333;NA;NA
2;2;7;2;149,8;151,2333333;NA;NA
2;2;7;3;151,9;151,2333333;NA;NA
2;3;1;1;103;104,8333333;1;22,94
2;3;2;1;105;104,8333333;1;20,76
2;3;3;1;105;104,8333333;1;19,87
2;3;3;2;105;104,8333333;1;18,89
2;3;3;3;105;104,8333333;1;18,61
2;3;4;1;105;104,8333333;1;22,65
2;3;4;1;105;104,8333333;2;23,5
2;3;5;1;106;104,8333333;2;20,3
2;3;6;1;104;104,8333333;NA;NA
2;3;7;1;104,9;104,8333333;NA;NA
2;3;7;2;104,9;104,8333333;NA;NA
2;3;7;3;104,7;104,8333333;NA;NA
2;4;1;1;79;81,2;1;20,56
2;4;1;2;79;81,2;1;21,34
2;4;1;3;79;81,2;1;20,63
2;4;2;1;81;81,2;1;18,8
2;4;2;2;81;81,2;1;18,8
2;4;2;3;81;81,2;1;19,83
2;4;3;1;81;81,2;1;19,92
2;4;4;1;81;81,2;2;18,3
2;4;4;1;81;81,2;1;17,12
2;4;4;2;81;81,2;1;17,62
2;4;4;2;81;81,2;2;17,4
2;4;4;3;81;81,2;2;17,3
2;4;4;3;81;81,2;1;16,8
2;4;5;1;81;81,2;2;17,4
2;4;5;2;81;81,2;2;17,7
2;4;5;3;81;81,2;2;17,8
2;4;6;1;81;81,2;NA;NA
2;4;7;1;81,2;81,2;NA;NA
2;4;7;2;81,4;81,2;NA;NA
2;4;7;3;81;81,2;NA;NA
2;5;1;1;91;90,93333333;1;21,61
2;5;1;2;90;90,93333333;1;24,16
2;5;1;3;90;90,93333333;1;22,37
2;5;2;1;90;90,93333333;1;21,25
2;5;2;2;90;90,93333333;1;24,08
2;5;2;3;89;90,93333333;1;22,81
2;5;3;1;91;90,93333333;1;21,77
2;5;3;2;91;90,93333333;1;21,56
2;5;3;3;91;90,93333333;1;21,49
2;5;4;1;90;90,93333333;1;21,05
2;5;4;1;90;90,93333333;2;20,7
2;5;4;2;91;90,93333333;2;21
2;5;4;2;91;90,93333333;1;19,59
2;5;4;3;91;90,93333333;1;20,68
2;5;4;3;91;90,93333333;2;21,1
2;5;5;1;91,5;90,93333333;2;23
2;5;5;2;91;90,93333333;2;22,6
2;5;5;3;90;90,93333333;2;23
2;5;6;1;92;90,93333333;NA;NA
2;5;6;2;92;90,93333333;NA;NA
2;5;6;3;92;90,93333333;NA;NA
2;5;7;1;91;90,93333333;NA;NA
2;5;7;2;90,9;90,93333333;NA;NA
2;5;7;3;90,9;90,93333333;NA;NA
2;6;1;1;96;97,26666667;1;19,68
2;6;2;1;98;97,26666667;1;19,97
2;6;3;1;100;97,26666667;1;21,17
2;6;4;1;97;97,26666667;1;19,74
2;6;4;1;97;97,26666667;2;19,8
2;6;4;2;98;97,26666667;1;19,76
2;6;4;2;98;97,26666667;2;19,5
2;6;4;3;98;97,26666667;1;19,99
2;6;4;3;98;97,26666667;2;19,8
2;6;5;1;99,5;97,26666667;2;20,2
2;6;6;1;98;97,26666667;NA;NA
2;6;6;2;98;97,26666667;NA;NA
2;6;6;3;98;97,26666667;NA;NA
2;6;7;1;97,2;97,26666667;NA;NA
2;6;7;2;97,1;97,26666667;NA;NA
2;6;7;3;97,5;97,26666667;NA;NA
2;7;1;1;110;111,4666667;1;21,61
2;7;1;2;110;111,4666667;1;21,22
2;7;1;3;110;111,4666667;1;21,06
2;7;2;1;112;111,4666667;1;18,39
2;7;3;1;114;111,4666667;1;20,72
2;7;3;2;114;111,4666667;1;21,27
2;7;3;3;114;111,4666667;1;19,09
2;7;4;1;113;111,4666667;1;16,3
2;7;4;1;113;111,4666667;2;16,6
2;7;5;1;114;111,4666667;2;19,6
2;7;5;2;114;111,4666667;2;19,5
2;7;5;3;113,5;111,4666667;2;20,8
2;7;6;1;113;111,4666667;NA;NA
2;7;7;1;111,6;111,4666667;NA;NA
2;7;7;2;111,3;111,4666667;NA;NA
2;7;7;3;111,5;111,4666667;NA;NA
2;8;1;1;81;80,36666667;1;18,13
2;8;1;2;80;80,36666667;1;18,53
2;8;1;3;81;80,36666667;1;17,49
2;8;2;1;81;80,36666667;1;16,96
2;8;2;2;81;80,36666667;1;17,23
2;8;2;3;80;80,36666667;1;16,96
2;8;3;1;82;80,36666667;1;20,51
2;8;4;1;80;80,36666667;2;14
2;8;4;1;80;80,36666667;1;14,56
2;8;4;2;80;80,36666667;2;13,7
2;8;4;2;80;80,36666667;1;15,12
2;8;4;3;80;80,36666667;2;14,6
2;8;4;3;80;80,36666667;1;15,13
2;8;5;1;83;80,36666667;2;16,7
2;8;5;2;83;80,36666667;2;17,6
2;8;5;3;83;80,36666667;2;17,5
2;8;6;1;82;80,36666667;NA;NA
2;8;7;1;80,3;80,36666667;NA;NA
2;8;7;2;80,5;80,36666667;NA;NA
2;8;7;3;80,3;80,36666667;NA;NA
2;9;1;1;125;125,6333333;1;20,57
2;9;1;2;125;125,6333333;1;21,32
2;9;1;3;125;125,6333333;1;20,95
2;9;2;1;127;125,6333333;1;20,37
2;9;3;1;127;125,6333333;1;24,18
2;9;4;1;127;125,6333333;2;22,2
2;9;4;1;127;125,6333333;1;21,75
2;9;5;1;127;125,6333333;2;24,2
2;9;6;1;127;125,6333333;NA;NA
2;9;7;1;125,7;125,6333333;NA;NA
2;9;7;2;125,6;125,6333333;NA;NA
2;9;7;3;125,6;125,6333333;NA;NA
2;10;1;1;84;82,8;1;18,49
2;10;2;1;85;82,8;1;16,84
2;10;2;2;83;82,8;1;16,32
2;10;2;3;84;82,8;1;16,63
2;10;3;1;85;82,8;1;21,9
2;10;3;2;85;82,8;1;19,85
2;10;3;3;85;82,8;1;19,9
2;10;4;1;85;82,8;2;17,2
2;10;4;1;85;82,8;1;17,42
2;10;5;1;86;82,8;2;20,6
2;10;6;1;83;82,8;NA;NA
2;10;6;2;83;82,8;NA;NA
2;10;6;3;83;82,8;NA;NA
2;10;7;1;82,6;82,8;NA;NA
2;10;7;2;83,3;82,8;NA;NA
2;10;7;3;82,5;82,8;NA;NA
2;11;1;1;117;116,7666667;1;25,44
2;11;2;1;117;116,7666667;1;24,26
2;11;3;1;120;116,7666667;1;25,28
2;11;3;2;118;116,7666667;1;25,51
2;11;3;3;118;116,7666667;1;24,71
2;11;4;1;112;116,7666667;1;20,9
2;11;4;1;112;116,7666667;2;21,1
2;11;5;1;117,5;116,7666667;2;24,7
2;11;6;1;121;116,7666667;NA;NA
2;11;6;2;120;116,7666667;NA;NA
2;11;6;3;120;116,7666667;NA;NA
2;11;7;1;116,8;116,7666667;NA;NA
2;11;7;2;116,6;116,7666667;NA;NA
2;11;7;3;116,9;116,7666667;NA;NA
2;12;1;1;91;90,23333333;1;22,86
2;12;2;1;90;90,23333333;1;19,85
2;12;2;2;91;90,23333333;1;21,41
2;12;2;3;91;90,23333333;1;22,25
2;12;3;1;90;90,23333333;1;19,54
2;12;3;2;91;90,23333333;1;19,28
2;12;3;3;90;90,23333333;1;19,73
2;12;4;1;90;90,23333333;1;17,82
2;12;4;1;90;90,23333333;2;18,8
2;12;4;2;91;90,23333333;2;18,6
2;12;4;2;91;90,23333333;1;16,96
2;12;4;3;90;90,23333333;2;17,2
2;12;4;3;90;90,23333333;1;16,78
2;12;5;1;91;90,23333333;2;20,4
2;12;5;2;90,5;90,23333333;2;19,4
2;12;5;3;90,5;90,23333333;2;20,3
2;12;6;1;92;90,23333333;NA;NA
2;12;7;1;90,3;90,23333333;NA;NA
2;12;7;2;90;90,23333333;NA;NA
2;12;7;3;90,4;90,23333333;NA;NA
3;1;1;1;126;125,5;1;25,93
3;1;1;2;126;125,5;1;24,43
3;1;1;3;127;125,5;1;24,33
3;1;2;1;127;125,5;1;25,38
3;1;2;2;125;125,5;1;25,77
3;1;2;3;125;125,5;1;25,74
3;1;3;1;129;125,5;1;24,3
3;1;4;1;129;125,5;2;25,2
3;1;4;1;129;125,5;1;26,04
3;1;4;2;129;125,5;1;24,62
3;1;4;2;129;125,5;2;24,2
3;1;4;3;129;125,5;1;24,54
3;1;4;3;129;125,5;2;24,2
3;1;5;1;128;125,5;2;24,9
3;1;5;2;129;125,5;2;25,2
3;1;5;3;128;125,5;2;24,9
3;1;6;1;128;125,5;NA;NA
3;1;7;1;125,3;125,5;NA;NA
3;1;7;2;125,7;125,5;NA;NA
3;1;7;3;125,5;125,5;NA;NA
3;2;1;1;132;132,3333333;1;24,42
3;2;2;1;132;132,3333333;1;28,29
3;2;2;2;134;132,3333333;1;29,24
3;2;2;3;133;132,3333333;1;28,27
3;2;3;1;135;132,3333333;1;25,22
3;2;3;2;135;132,3333333;1;24,17
3;2;3;3;135;132,3333333;1;24,1
3;2;4;1;135;132,3333333;1;29,31
3;2;4;1;135;132,3333333;2;28,8
3;2;5;1;136;132,3333333;2;25,8
3;2;6;1;135;132,3333333;NA;NA
3;2;6;2;133;132,3333333;NA;NA
3;2;6;3;133;132,3333333;NA;NA
3;2;7;1;132,1;132,3333333;NA;NA
3;2;7;2;132,6;132,3333333;NA;NA
3;2;7;3;132,3;132,3333333;NA;NA
3;3;1;1;121;121,5;1;23,23
3;3;2;1;122;121,5;1;23,58
3;3;3;1;124;121,5;1;23,87
3;3;4;1;124;121,5;2;24,4
3;3;4;1;124;121,5;1;24,49
3;3;5;1;124;121,5;2;24,7
3;3;6;1;122;121,5;NA;NA
3;3;7;1;121,3;121,5;NA;NA
3;3;7;2;121,5;121,5;NA;NA
3;3;7;3;121,7;121,5;NA;NA
3;4;1;1;127;127,4333333;1;24,03
3;4;2;1;128;127,4333333;1;24,08
3;4;2;2;127;127,4333333;1;24,57
3;4;2;3;127;127,4333333;1;24,16
3;4;3;1;130;127,4333333;1;21,94
3;4;4;1;130;127,4333333;1;23,23
3;4;4;1;130;127,4333333;2;24,2
3;4;4;2;129;127,4333333;2;22
3;4;4;2;129;127,4333333;1;23,07
3;4;4;3;129;127,4333333;1;23,5
3;4;4;3;129;127,4333333;2;21,5
3;4;5;1;130;127,4333333;2;24
3;4;5;2;129;127,4333333;2;23,2
3;4;5;3;130;127,4333333;2;23,4
3;4;6;1;129;127,4333333;NA;NA
3;4;7;1;127,2;127,4333333;NA;NA
3;4;7;2;127,5;127,4333333;NA;NA
3;4;7;3;127,6;127,4333333;NA;NA
3;5;1;1;154;154,1;1;23,02
3;5;1;2;154;154,1;1;27,35
3;5;1;3;154;154,1;1;26,68
3;5;2;1;155;154,1;1;25,01
3;5;2;2;155;154,1;1;27,32
3;5;2;3;154;154,1;1;24,61
3;5;3;1;157;154,1;1;22,84
3;5;4;1;160;154,1;2;24,2
3;5;4;1;160;154,1;1;23,62
3;5;4;2;159;154,1;1;23,57
3;5;4;2;159;154,1;2;22,3
3;5;4;3;159;154,1;1;23,6
3;5;4;3;159;154,1;2;21,6
3;5;5;1;152;154,1;2;24,4
3;5;5;2;159;154,1;2;24,2
3;5;5;3;158;154,1;2;24,3
3;5;6;1;158;154,1;NA;NA
3;5;7;1;154,1;154,1;NA;NA
3;5;7;2;153,9;154,1;NA;NA
3;5;7;3;154,3;154,1;NA;NA
3;6;1;1;123;122,9333333;1;27,01
3;6;1;2;123;122,9333333;1;27,94
3;6;1;3;123;122,9333333;1;28,45
3;6;2;1;123;122,9333333;1;28,24
3;6;3;1;123;122,9333333;1;26,82
3;6;3;2;123;122,9333333;1;26,13
3;6;3;3;123;122,9333333;1;24,11
3;6;4;1;123;122,9333333;1;26,95
3;6;4;1;123;122,9333333;2;27,2
3;6;4;2;124;122,9333333;2;24,1
3;6;4;2;124;122,9333333;1;26,48
3;6;4;3;123;122,9333333;1;26,74
3;6;4;3;123;122,9333333;2;23,7
3;6;5;1;123;122,9333333;2;27
3;6;6;1;123;122,9333333;NA;NA
3;6;6;2;123;122,9333333;NA;NA
3;6;6;3;124;122,9333333;NA;NA
3;6;7;1;122,8;122,9333333;NA;NA
3;6;7;2;122,9;122,9333333;NA;NA
3;6;7;3;123,1;122,9333333;NA;NA
3;7;1;1;113;116,2666667;1;24,35
3;7;2;1;116;116,2666667;1;24
3;7;3;1;117;116,2666667;1;24,46
3;7;3;2;117;116,2666667;1;23,17
3;7;3;3;117;116,2666667;1;22,86
3;7;4;1;116;116,2666667;1;24,81
3;7;4;1;116;116,2666667;2;24,3
3;7;5;1;117;116,2666667;2;24,9
3;7;6;1;116;116,2666667;NA;NA
3;7;6;2;117;116,2666667;NA;NA
3;7;6;3;117;116,2666667;NA;NA
3;7;7;1;116,6;116,2666667;NA;NA
3;7;7;2;116;116,2666667;NA;NA
3;7;7;3;116,2;116,2666667;NA;NA
3;8;1;1;142;141,2333333;1;25,48
3;8;1;2;142;141,2333333;1;28,8
3;8;1;3;143;141,2333333;1;27,23
3;8;2;1;141;141,2333333;1;28,07
3;8;3;1;144;141,2333333;1;25,48
3;8;3;2;144;141,2333333;1;24,31
3;8;3;3;144;141,2333333;1;24,16
3;8;4;1;144;141,2333333;1;25,19
3;8;4;1;144;141,2333333;2;24,2
3;8;4;2;143;141,2333333;1;24,9
3;8;4;2;143;141,2333333;2;24,4
3;8;4;3;142;141,2333333;2;24,4
3;8;4;3;142;141,2333333;1;24,75
3;8;5;1;143;141,2333333;2;26,9
3;8;5;2;143;141,2333333;2;26,4
3;8;5;3;143,5;141,2333333;2;25,9
3;8;6;1;142;141,2333333;NA;NA
3;8;6;2;142;141,2333333;NA;NA
3;8;6;3;143;141,2333333;NA;NA
3;8;7;1;141,2;141,2333333;NA;NA
3;8;7;2;141,2;141,2333333;NA;NA
3;8;7;3;141,3;141,2333333;NA;NA
3;9;1;1;116;113,7333333;1;24,79
3;9;2;1;114;113,7333333;1;28,79
3;9;3;1;117;113,7333333;1;22,42
3;9;3;2;117;113,7333333;1;24,16
3;9;3;3;117;113,7333333;1;23,9
3;9;4;1;117;113,7333333;1;23,27
3;9;4;1;117;113,7333333;2;23
3;9;5;1;116;113,7333333;2;24,2
3;9;6;1;115;113,7333333;NA;NA
3;9;6;2;115;113,7333333;NA;NA
3;9;6;3;115;113,7333333;NA;NA
3;9;7;1;113,3;113,7333333;NA;NA
3;9;7;2;113,9;113,7333333;NA;NA
3;9;7;3;114;113,7333333;NA;NA
3;10;1;1;128;126,7666667;1;22,18
3;10;1;2;128;126,7666667;1;23,27
3;10;1;3;128;126,7666667;1;22,2
3;10;2;1;127;126,7666667;1;22,91
3;10;3;1;130;126,7666667;1;22,37
3;10;3;2;129;126,7666667;1;22,76
3;10;3;3;127;126,7666667;1;21,93
3;10;4;1;128;126,7666667;1;20,3
3;10;4;1;128;126,7666667;2;19,6
3;10;5;1;128;126,7666667;2;22,6
3;10;6;1;128;126,7666667;NA;NA
3;10;7;1;126,5;126,7666667;NA;NA
3;10;7;2;126,8;126,7666667;NA;NA
3;10;7;3;127;126,7666667;NA;NA
3;11;1;1;120;119,5;1;24,64
3;11;2;1;120;119,5;1;27,92
3;11;2;2;120;119,5;1;27,75
3;11;2;3;120;119,5;1;26,91
3;11;3;1;122;119,5;1;25,19
3;11;4;1;120;119,5;1;26,12
3;11;4;1;120;119,5;2;26,3
3;11;5;1;121;119,5;2;26,9
3;11;5;2;121,5;119,5;2;29,2
3;11;5;3;121;119,5;2;29,2
3;11;6;1;122;119,5;NA;NA
3;11;6;2;121;119,5;NA;NA
3;11;6;3;121;119,5;NA;NA
3;11;7;1;119,5;119,5;NA;NA
3;11;7;2;119,5;119,5;NA;NA
3;11;7;3;119,5;119,5;NA;NA
3;12;1;1;134;133,7;1;27,28
3;12;1;2;134;133,7;1;25,85
3;12;1;3;134;133,7;1;27,73
3;12;2;1;134;133,7;1;26,06
3;12;2;2;134;133,7;1;25,76
3;12;2;3;134;133,7;1;25,89
3;12;3;1;135;133,7;1;26,26
3;12;4;1;134;133,7;1;26,43
3;12;4;1;134;133,7;2;25,9
3;12;4;2;134;133,7;1;25,64
3;12;4;2;134;133,7;2;25,8
3;12;4;3;134;133,7;1;25,68
3;12;4;3;134;133,7;2;25,5
3;12;5;1;134,5;133,7;2;27,8
3;12;5;2;134,5;133,7;2;27,4
3;12;5;3;134,5;133,7;2;26,9
3;12;6;1;135;133,7;NA;NA
3;12;7;1;133,6;133,7;NA;NA
3;12;7;2;133,7;133,7;NA;NA
3;12;7;3;133,8;133,7;NA;NA
4;1;1;1;116;116,8666667;1;23,21
4;1;1;2;116;116,8666667;1;23,09
4;1;1;3;115;116,8666667;1;24,6
4;1;2;1;119;116,8666667;1;23,53
4;1;2;2;121;116,8666667;1;23,28
4;1;2;3;118;116,8666667;1;23,56
4;1;3;1;119;116,8666667;1;22,27
4;1;3;2;120;116,8666667;1;21,01
4;1;3;3;118;116,8666667;1;21,3
4;1;4;1;117;116,8666667;1;22,88
4;1;4;1;117;116,8666667;2;22,4
4;1;4;2;117;116,8666667;1;22,46
4;1;4;2;117;116,8666667;2;23
4;1;4;3;117;116,8666667;1;22,57
4;1;4;3;117;116,8666667;2;22,2
4;1;5;1;120,5;116,8666667;2;21,7
4;1;5;2;120;116,8666667;2;22,5
4;1;5;3;119,5;116,8666667;2;22,5
4;1;6;1;115;116,8666667;NA;NA
4;1;6;2;117;116,8666667;NA;NA
4;1;6;3;116;116,8666667;NA;NA
4;1;7;1;117,1;116,8666667;NA;NA
4;1;7;2;117;116,8666667;NA;NA
4;1;7;3;116,5;116,8666667;NA;NA
4;2;1;1;156;158,7666667;1;23,12
4;2;1;2;156;158,7666667;1;22,12
4;2;1;3;156;158,7666667;1;22,19
4;2;2;1;160;158,7666667;1;24,59
4;2;3;1;160;158,7666667;1;23,98
4;2;3;2;159;158,7666667;1;21,74
4;2;3;3;157;158,7666667;1;22,82
4;2;4;1;158;158,7666667;2;25,7
4;2;4;1;158;158,7666667;1;26,2
4;2;5;1;159,5;158,7666667;2;22,2
4;2;6;1;159;158,7666667;NA;NA
4;2;6;2;158;158,7666667;NA;NA
4;2;6;3;157;158,7666667;NA;NA
4;2;7;1;159;158,7666667;NA;NA
4;2;7;2;158,2;158,7666667;NA;NA
4;2;7;3;159,1;158,7666667;NA;NA
4;3;1;1;123;121,5666667;1;22,96
4;3;1;2;123;121,5666667;1;21,5
4;3;1;3;123;121,5666667;1;21,85
4;3;2;1;122;121,5666667;1;22,21
4;3;2;2;122;121,5666667;1;21,32
4;3;2;3;122;121,5666667;1;22,58
4;3;3;1;122;121,5666667;1;21,33
4;3;4;1;121;121,5666667;2;22,2
4;3;4;1;121;121,5666667;1;22,28
4;3;5;1;122;121,5666667;2;21,7
4;3;5;2;122,5;121,5666667;2;20
4;3;5;3;122;121,5666667;2;21,1
4;3;6;1;122;121,5666667;NA;NA
4;3;7;1;121,6;121,5666667;NA;NA
4;3;7;2;121,5;121,5666667;NA;NA
4;3;7;3;121,6;121,5666667;NA;NA
4;4;1;1;121;120,5333333;1;24,03
4;4;2;1;125;120,5333333;1;23,57
4;4;3;1;125;120,5333333;1;23
4;4;3;2;124;120,5333333;1;23,37
4;4;3;3;123;120,5333333;1;23,87
4;4;4;1;123;120,5333333;1;24,1
4;4;4;1;123;120,5333333;2;23,3
4;4;4;2;123;120,5333333;2;22,8
4;4;4;2;123;120,5333333;1;23,13
4;4;4;3;123;120,5333333;1;22,43
4;4;4;3;123;120,5333333;2;21,4
4;4;5;1;124;120,5333333;2;20,8
4;4;5;2;124;120,5333333;2;23,2
4;4;5;3;123,5;120,5333333;2;24,5
4;4;5;4;NA;NA;2;23
4;4;6;1;122;120,5333333;NA;NA
4;4;7;1;120,5;120,5333333;NA;NA
4;4;7;2;120,4;120,5333333;NA;NA
4;4;7;3;120,7;120,5333333;NA;NA
4;5;1;1;114;113,5;1;21,3
4;5;1;2;115;113,5;1;21,44
4;5;1;3;114;113,5;1;21,21
4;5;2;1;116;113,5;1;21,56
4;5;3;1;116;113,5;1;20,31
4;5;4;1;114;113,5;2;22,1
4;5;4;1;114;113,5;1;22,85
4;5;4;2;115;113,5;2;22,5
4;5;4;2;115;113,5;1;23,11
4;5;4;3;113;113,5;1;20,76
4;5;4;3;113;113,5;2;19,1
4;5;5;1;116;113,5;2;19,1
4;5;5;2;115,5;113,5;2;23,5
4;5;5;3;114,5;113,5;2;21,1
4;5;5;4;NA;NA;2;19,2
4;5;6;1;115;113,5;NA;NA
4;5;6;2;115;113,5;NA;NA
4;5;6;3;115;113,5;NA;NA
4;5;7;1;113,4;113,5;NA;NA
4;5;7;2;113,5;113,5;NA;NA
4;5;7;3;113,6;113,5;NA;NA
4;6;1;1;86;84,7;1;21,34
4;6;2;1;87;84,7;1;21,65
4;6;3;1;88;84,7;1;19,83
4;6;3;2;87;84,7;1;22,41
4;6;3;3;87;84,7;1;21,37
4;6;4;1;86;84,7;1;21,03
4;6;4;1;86;84,7;2;19,6
4;6;4;2;87;84,7;1;20,79
4;6;4;2;87;84,7;2;20
4;6;4;3;NA;NA;2;19,2
4;6;4;3;NA;NA;1;19,51
4;6;5;1;88;84,7;2;18,1
4;6;6;1;87;84,7;NA;NA
4;6;6;2;87;84,7;NA;NA
4;6;6;3;87;84,7;NA;NA
4;6;7;1;84,8;84,7;NA;NA
4;6;7;2;84,6;84,7;NA;NA
4;6;7;3;84,7;84,7;NA;NA
4;7;1;1;116;114,4666667;1;25,3
4;7;2;1;116;114,4666667;1;23,91
4;7;2;2;116;114,4666667;1;25,15
4;7;2;3;116;114,4666667;1;24,44
4;7;3;1;117;114,4666667;1;22,91
4;7;3;2;116;114,4666667;1;24,08
4;7;3;3;116;114,4666667;1;25,76
4;7;4;1;115;114,4666667;1;23,93
4;7;4;1;115;114,4666667;2;24,6
4;7;5;1;117;114,4666667;2;23,5
4;7;5;2;116;114,4666667;2;23,6
4;7;5;3;115,5;114,4666667;2;23,9
4;7;6;1;117;114,4666667;NA;NA
4;7;7;1;114,5;114,4666667;NA;NA
4;7;7;2;114,5;114,4666667;NA;NA
4;7;7;3;114,4;114,4666667;NA;NA
4;8;1;1;115;115,6;1;26,43
4;8;2;1;117;115,6;1;26,37
4;8;3;1;117;115,6;1;26,3
4;8;4;1;116;115,6;1;25,49
4;8;4;1;116;115,6;2;26,4
4;8;4;2;116;115,6;2;25,2
4;8;4;2;116;115,6;1;25,49
4;8;4;3;115;115,6;2;24,8
4;8;4;3;115;115,6;1;25,44
4;8;5;1;116,5;115,6;2;25,5
4;8;6;1;116;115,6;NA;NA
4;8;6;2;116;115,6;NA;NA
4;8;6;3;117;115,6;NA;NA
4;8;7;1;115,6;115,6;NA;NA
4;8;7;2;115,4;115,6;NA;NA
4;8;7;3;115,8;115,6;NA;NA
4;9;1;1;94;94,7;1;23,65
4;9;2;1;97;94,7;1;25,06
4;9;3;1;100;94,7;1;22,79
4;9;4;1;94;94,7;2;26,8
4;9;4;1;94;94,7;1;27,01
4;9;5;1;97;94,7;2;23,9
4;9;6;1;95;94,7;NA;NA
4;9;7;1;94,8;94,7;NA;NA
4;9;7;2;94,5;94,7;NA;NA
4;9;7;3;94,8;94,7;NA;NA
4;10;1;1;118;117,2666667;1;24,28
4;10;1;2;118;117,2666667;1;24,53
4;10;1;3;118;117,2666667;1;25,19
4;10;2;1;119;117,2666667;1;23,18
4;10;2;2;119;117,2666667;1;22,83
4;10;2;3;119;117,2666667;1;22,16
4;10;3;1;119;117,2666667;1;22,98
4;10;4;1;118;117,2666667;2;22,3
4;10;4;1;118;117,2666667;1;22,27
4;10;5;1;120,5;117,2666667;2;22,9
4;10;5;2;119;117,2666667;2;22,2
4;10;5;3;119;117,2666667;2;21,8
4;10;6;1;118;117,2666667;NA;NA
4;10;7;1;117,1;117,2666667;NA;NA
4;10;7;2;117,2;117,2666667;NA;NA
4;10;7;3;117,5;117,2666667;NA;NA
4;11;1;1;105;104;1;27,7
4;11;2;1;106;104;1;27,86
4;11;2;2;105;104;1;24,51
4;11;2;3;105;104;1;23,85
4;11;3;1;105;104;1;24,15
4;11;4;1;105;104;2;28,5
4;11;4;1;105;104;1;27,53
4;11;5;1;105,5;104;2;22,5
4;11;6;1;105;104;NA;NA
4;11;6;2;105;104;NA;NA
4;11;6;3;105;104;NA;NA
4;11;7;1;104;104;NA;NA
4;11;7;2;104,1;104;NA;NA
4;11;7;3;103,9;104;NA;NA
4;12;1;1;86;85,26666667;1;19,51
4;12;1;2;87;85,26666667;1;19,17
4;12;1;3;87;85,26666667;1;19,24
4;12;2;1;86;85,26666667;1;19,98
4;12;2;2;86;85,26666667;1;18,36
4;12;2;3;85;85,26666667;1;18,82
4;12;3;1;86;85,26666667;1;20,75
4;12;3;2;86;85,26666667;1;19,34
4;12;3;3;86;85,26666667;1;19,28
4;12;4;1;85;85,26666667;2;18,6
4;12;4;1;85;85,26666667;1;19,4
4;12;4;2;86;85,26666667;2;17,3
4;12;4;2;86;85,26666667;1;17,63
4;12;4;3;85;85,26666667;1;18,54
4;12;4;3;85;85,26666667;2;18,7
4;12;5;1;86;85,26666667;2;19,9
4;12;6;1;86;85,26666667;NA;NA
4;12;7;1;85,8;85,26666667;NA;NA
4;12;7;2;84,7;85,26666667;NA;NA
4;12;7;3;85,3;85,26666667;NA;NA
5;1;1;1;84;83,93333333;1;21,64
5;1;1;2;84;83,93333333;1;22,72
5;1;1;3;84;83,93333333;1;21,46
5;1;2;1;84;83,93333333;1;22,19
5;1;3;1;84;83,93333333;1;21,35
5;1;4;1;84;83,93333333;2;22,2
5;1;4;1;84;83,93333333;1;22,25
5;1;4;2;84;83,93333333;2;21,8
5;1;4;2;84;83,93333333;1;22,29
5;1;4;3;84;83,93333333;2;22
5;1;4;3;84;83,93333333;1;22,36
5;1;5;1;84,5;83,93333333;2;21,8
5;1;5;2;84;83,93333333;2;20,9
5;1;5;3;84,5;83,93333333;2;21,1
5;1;6;1;85;83,93333333;NA;NA
5;1;6;2;84;83,93333333;NA;NA
5;1;6;3;84;83,93333333;NA;NA
5;1;7;1;83,8;83,93333333;NA;NA
5;1;7;2;84,2;83,93333333;NA;NA
5;1;7;3;83,8;83,93333333;NA;NA
5;2;1;1;70;69,16666667;1;19,81
5;2;2;1;69;69,16666667;1;19,06
5;2;2;2;69;69,16666667;1;18,83
5;2;2;3;69;69,16666667;1;19,68
5;2;3;1;70;69,16666667;1;19,05
5;2;4;1;70;69,16666667;2;20,4
5;2;4;1;70;69,16666667;1;20,26
5;2;5;1;70;69,16666667;2;19,6
5;2;6;1;70;69,16666667;NA;NA
5;2;7;1;69,2;69,16666667;NA;NA
5;2;7;2;69,2;69,16666667;NA;NA
5;2;7;3;69,1;69,16666667;NA;NA
5;3;1;1;104;104,5666667;1;22,37
5;3;1;2;104;104,5666667;1;22,14
5;3;1;3;104;104,5666667;1;22,1
5;3;2;1;104;104,5666667;1;22,92
5;3;2;2;105;104,5666667;1;22,93
5;3;2;3;104;104,5666667;1;22,79
5;3;3;1;105;104,5666667;1;23,53
5;3;3;2;106;104,5666667;1;23,09
5;3;3;3;105;104,5666667;1;22,22
5;3;4;1;105;104,5666667;1;22,85
5;3;4;1;105;104,5666667;2;21,9
5;3;5;1;105,5;104,5666667;2;22,8
5;3;5;2;106;104,5666667;2;22,5
5;3;5;3;106;104,5666667;2;22,7
5;3;6;1;104;104,5666667;NA;NA
5;3;6;2;105;104,5666667;NA;NA
5;3;6;3;104;104,5666667;NA;NA
5;3;7;1;104,7;104,5666667;NA;NA
5;3;7;2;104,3;104,5666667;NA;NA
5;3;7;3;104,7;104,5666667;NA;NA
5;4;1;1;113;113,0666667;1;20,59
5;4;2;1;113;113,0666667;1;22,16
5;4;3;1;114;113,0666667;1;20,22
5;4;3;2;114;113,0666667;1;20,5
5;4;3;3;114;113,0666667;1;21,53
5;4;4;1;113;113,0666667;2;22,1
5;4;4;1;113;113,0666667;1;22,63
5;4;4;2;114;113,0666667;1;22,64
5;4;4;2;114;113,0666667;2;22
5;4;4;3;115;113,0666667;2;22,1
5;4;4;3;115;113,0666667;1;23,11
5;4;5;1;115;113,0666667;2;22,9
5;4;5;2;114;113,0666667;2;22,4
5;4;5;3;114,5;113,0666667;2;22,6
5;4;6;1;114;113,0666667;NA;NA
5;4;6;2;114;113,0666667;NA;NA
5;4;6;3;114;113,0666667;NA;NA
5;4;7;1;113,1;113,0666667;NA;NA
5;4;7;2;113,1;113,0666667;NA;NA
5;4;7;3;113;113,0666667;NA;NA
5;5;1;1;164;165,4666667;1;21,63
5;5;2;1;164;165,4666667;1;24,7
5;5;3;1;165;165,4666667;1;22,95
5;5;4;1;164;165,4666667;2;23,7
5;5;4;1;164;165,4666667;1;24,3
5;5;4;2;160;165,4666667;1;22,04
5;5;4;2;160;165,4666667;2;21,7
5;5;4;3;165;165,4666667;2;21,7
5;5;4;3;165;165,4666667;1;25,09
5;5;5;1;165,5;165,4666667;2;25,1
5;5;6;1;165;165,4666667;NA;NA
5;5;7;1;165,7;165,4666667;NA;NA
5;5;7;2;165,3;165,4666667;NA;NA
5;5;7;3;165,4;165,4666667;NA;NA
5;6;1;1;95;96,06666667;1;21,19
5;6;2;1;96;96,06666667;1;22,17
5;6;2;2;96;96,06666667;1;21,29
5;6;2;3;96;96,06666667;1;21,26
5;6;3;1;97;96,06666667;1;21,53
5;6;3;2;97;96,06666667;1;21,37
5;6;3;3;97;96,06666667;1;21,55
5;6;4;1;97;96,06666667;1;21,47
5;6;4;1;97;96,06666667;2;21,3
5;6;4;2;98;96,06666667;2;21,6
5;6;4;2;98;96,06666667;1;21,76
5;6;4;3;97;96,06666667;1;21,42
5;6;4;3;97;96,06666667;2;21,6
5;6;5;1;98;96,06666667;2;21,6
5;6;5;2;98;96,06666667;2;21,8
5;6;5;3;97,5;96,06666667;2;21,5
5;6;6;1;97;96,06666667;NA;NA
5;6;6;2;97;96,06666667;NA;NA
5;6;6;3;97;96,06666667;NA;NA
5;6;7;1;96;96,06666667;NA;NA
5;6;7;2;96,1;96,06666667;NA;NA
5;6;7;3;96,1;96,06666667;NA;NA
5;7;1;1;31;30,86666667;1;7,74
5;7;1;2;31;30,86666667;1;8,08
5;7;1;3;31;30,86666667;1;7,96
5;7;2;1;31;30,86666667;1;7,95
5;7;2;2;31;30,86666667;1;7,76
5;7;2;3;31;30,86666667;1;7,63
5;7;3;1;31;30,86666667;1;8,22
5;7;4;1;30;30,86666667;1;8
5;7;4;1;30;30,86666667;2;7,8
5;7;5;1;31;30,86666667;2;7,6
5;7;6;1;31;30,86666667;NA;NA
5;7;7;1;31;30,86666667;NA;NA
5;7;7;2;30,9;30,86666667;NA;NA
5;7;7;3;30,7;30,86666667;NA;NA
5;8;1;1;155;156;1;24,63
5;8;1;2;155;156;1;24,5
5;8;1;3;155;156;1;24,91
5;8;2;1;157;156;1;25,74
5;8;3;1;158;156;1;23,34
5;8;3;2;157;156;1;23,86
5;8;3;3;157;156;1;24,05
5;8;4;1;151;156;2;24,8
5;8;4;1;151;156;1;25,83
5;8;4;2;151;156;1;24,81
5;8;4;2;151;156;2;24,2
5;8;4;3;158;156;2;24,5
5;8;4;3;158;156;1;24,33
5;8;5;1;158;156;2;25,8
5;8;6;1;158;156;NA;NA
5;8;7;1;156,2;156;NA;NA
5;8;7;2;156,3;156;NA;NA
5;8;7;3;155,5;156;NA;NA
5;9;1;1;111;110,6;1;23,19
5;9;1;2;111;110,6;1;22,69
5;9;1;3;111;110,6;1;23,01
5;9;2;1;110;110,6;1;21,02
5;9;3;1;111;110,6;1;21,12
5;9;3;2;111;110,6;1;20,53
5;9;3;3;111;110,6;1;21,83
5;9;4;1;110;110,6;1;23,26
5;9;4;1;110;110,6;2;23,3
5;9;5;1;111,5;110,6;2;21,7
5;9;6;1;112;110,6;NA;NA
5;9;6;2;112;110,6;NA;NA
5;9;6;3;111;110,6;NA;NA
5;9;7;1;110,8;110,6;NA;NA
5;9;7;2;110,7;110,6;NA;NA
5;9;7;3;110,3;110,6;NA;NA
5;10;1;1;62;60,83333333;1;20,09
5;10;2;1;61;60,83333333;1;19,02
5;10;2;2;61;60,83333333;1;19,16
5;10;2;3;61;60,83333333;1;19,08
5;10;3;1;61;60,83333333;1;19,3
5;10;3;2;61;60,83333333;1;19,23
5;10;3;3;61;60,83333333;1;20,39
5;10;4;1;61;60,83333333;1;19,86
5;10;4;1;61;60,83333333;2;19,9
5;10;5;1;61,5;60,83333333;2;19,1
5;10;5;2;61,5;60,83333333;2;19,4
5;10;5;3;61,5;60,83333333;2;19,2
5;10;6;1;62;60,83333333;NA;NA
5;10;7;1;60,9;60,83333333;NA;NA
5;10;7;2;60,8;60,83333333;NA;NA
5;10;7;3;60,8;60,83333333;NA;NA
5;11;1;1;75;75,36666667;1;19,47
5;11;1;2;75;75,36666667;1;18,69
5;11;1;3;75;75,36666667;1;18,34
5;11;2;1;76;75,36666667;1;20,2
5;11;2;2;76;75,36666667;1;19,36
5;11;2;3;76;75,36666667;1;19,31
5;11;3;1;76;75,36666667;1;18,59
5;11;4;1;76;75,36666667;1;19,29
5;11;4;1;76;75,36666667;2;19,3
5;11;5;1;77,5;75,36666667;2;20
5;11;6;1;75;75,36666667;NA;NA
5;11;6;2;76;75,36666667;NA;NA
5;11;6;3;75;75,36666667;NA;NA
5;11;7;1;75,5;75,36666667;NA;NA
5;11;7;2;75,3;75,36666667;NA;NA
5;11;7;3;75,3;75,36666667;NA;NA
5;12;1;1;115;115,2666667;1;21,51
5;12;2;1;115;115,2666667;1;22,9
5;12;3;1;116;115,2666667;1;21,03
5;12;4;1;115;115,2666667;2;21,8
5;12;4;1;115;115,2666667;1;22,43
5;12;4;2;115;115,2666667;2;22,1
5;12;4;2;115;115,2666667;1;22,67
5;12;4;3;116;115,2666667;2;22,9
5;12;4;3;116;115,2666667;1;22,69
5;12;5;1;116,5;115,2666667;2;23,3
5;12;5;2;116;115,2666667;2;23,3
5;12;5;3;116,5;115,2666667;2;23,2
5;12;6;1;116;115,2666667;NA;NA
5;12;7;1;115,1;115,2666667;NA;NA
5;12;7;2;115,2;115,2666667;NA;NA
5;12;7;3;115,5;115,2666667;NA;NA
6;1;1;1;122;124,0666667;NA;NA
6;1;2;1;125;124,0666667;1;21,6
6;1;3;1;125;124,0666667;1;21,79
6;1;4;1;125;124,0666667;2;23
6;1;4;1;125;124,0666667;1;21,4
6;1;4;2;126;124,0666667;2;22,5
6;1;4;2;126;124,0666667;1;21,83
6;1;4;3;125;124,0666667;1;21,88
6;1;4;3;125;124,0666667;2;22,3
6;1;5;1;125;124,0666667;2;22,9
6;1;6;1;123;124,0666667;NA;NA
6;1;6;2;123;124,0666667;NA;NA
6;1;6;3;123;124,0666667;NA;NA
6;1;7;1;124,6;124,0666667;NA;NA
6;1;7;2;123,8;124,0666667;NA;NA
6;1;7;3;123,8;124,0666667;NA;NA
6;2;1;1;106;105,2;1;20,3
6;2;2;1;106;105,2;1;21,18
6;2;3;1;106;105,2;1;22,81
6;2;4;1;106;105,2;2;22,5
6;2;4;1;106;105,2;1;21,74
6;2;5;1;107;105,2;2;22,4
6;2;6;1;106;105,2;NA;NA
6;2;6;2;106;105,2;NA;NA
6;2;6;3;106;105,2;NA;NA
6;2;7;1;105,1;105,2;NA;NA
6;2;7;2;105,3;105,2;NA;NA
6;2;7;3;105,2;105,2;NA;NA
6;3;1;1;99;98,26666667;1;20,67
6;3;1;2;99;98,26666667;1;18,28
6;3;1;3;99;98,26666667;1;19,31
6;3;2;1;99;98,26666667;1;19,53
6;3;2;2;99;98,26666667;1;20,34
6;3;2;3;99;98,26666667;1;19,48
6;3;3;1;99;98,26666667;1;19,98
6;3;3;2;99;98,26666667;1;20,14
6;3;3;3;99;98,26666667;1;19,67
6;3;4;1;99;98,26666667;2;20,7
6;3;4;1;99;98,26666667;1;20,37
6;3;5;1;99;98,26666667;2;20,7
6;3;6;1;99;98,26666667;NA;NA
6;3;7;1;98,5;98,26666667;NA;NA
6;3;7;2;98;98,26666667;NA;NA
6;3;7;3;98,3;98,26666667;NA;NA
6;4;1;1;68;67,83333333;1;17,33
6;4;1;2;68;67,83333333;1;17,92
6;4;1;3;68;67,83333333;1;18,83
6;4;2;1;68;67,83333333;1;17,73
6;4;3;1;68;67,83333333;1;17,02
6;4;4;1;68;67,83333333;2;18,9
6;4;4;1;68;67,83333333;1;18,97
6;4;4;2;68;67,83333333;1;18,87
6;4;4;2;68;67,83333333;2;19,7
6;4;4;3;68;67,83333333;2;19,7
6;4;4;3;68;67,83333333;1;18,85
6;4;5;1;69;67,83333333;2;19,8
6;4;5;2;68;67,83333333;2;20,2
6;4;5;3;68,5;67,83333333;2;19,7
6;4;6;1;68;67,83333333;NA;NA
6;4;6;2;69;67,83333333;NA;NA
6;4;6;3;69;67,83333333;NA;NA
6;4;7;1;67,7;67,83333333;NA;NA
6;4;7;2;67,9;67,83333333;NA;NA
6;4;7;3;67,9;67,83333333;NA;NA
6;5;1;1;68;67,03333333;1;17,19
6;5;2;1;68;67,03333333;1;17,5
6;5;3;1;68;67,03333333;1;17,92
6;5;3;2;68;67,03333333;1;18,19
6;5;3;3;68;67,03333333;1;18,25
6;5;4;1;67;67,03333333;2;18,7
6;5;4;1;67;67,03333333;1;18,4
6;5;4;2;67;67,03333333;2;18,8
6;5;4;2;67;67,03333333;1;18,52
6;5;4;3;67;67,03333333;2;19
6;5;4;3;67;67,03333333;1;18,4
6;5;5;1;68;67,03333333;2;19
6;5;5;2;68;67,03333333;2;18,6
6;5;5;3;68;67,03333333;2;19,1
6;5;6;1;68;67,03333333;NA;NA
6;5;6;2;68;67,03333333;NA;NA
6;5;6;3;68;67,03333333;NA;NA
6;5;7;1;67;67,03333333;NA;NA
6;5;7;2;67,2;67,03333333;NA;NA
6;5;7;3;66,9;67,03333333;NA;NA
6;6;1;1;80;78,96666667;1;21,66
6;6;1;2;80;78,96666667;1;18,63
6;6;1;3;80;78,96666667;1;18,9
6;6;2;1;81;78,96666667;1;17,58
6;6;2;2;81;78,96666667;1;18,36
6;6;2;3;80;78,96666667;1;17,86
6;6;3;1;80;78,96666667;1;18,68
6;6;3;2;80;78,96666667;1;18,72
6;6;3;3;80;78,96666667;1;17,86
6;6;4;1;81;78,96666667;1;18,72
6;6;4;1;81;78,96666667;2;19,2
6;6;4;2;80;78,96666667;1;18,83
6;6;4;2;80;78,96666667;2;19,3
6;6;4;3;80;78,96666667;1;18,89
6;6;4;3;80;78,96666667;2;19,4
6;6;5;1;80;78,96666667;2;19,6
6;6;6;1;80;78,96666667;NA;NA
6;6;7;1;79,2;78,96666667;NA;NA
6;6;7;2;78,7;78,96666667;NA;NA
6;6;7;3;79;78,96666667;NA;NA
6;7;1;1;93;92,56666667;1;17,4
6;7;2;1;92;92,56666667;1;18,86
6;7;2;2;91;92,56666667;1;18,69
6;7;2;3;92;92,56666667;1;18,65
6;7;3;1;93;92,56666667;1;19,49
6;7;3;2;92;92,56666667;1;19,12
6;7;3;3;92;92,56666667;1;19,18
6;7;4;1;92;92,56666667;1;19,07
6;7;4;1;92;92,56666667;2;19,3
6;7;5;1;92;92,56666667;2;20,1
6;7;5;2;92;92,56666667;2;20,1
6;7;5;3;92;92,56666667;2;20,5
6;7;6;1;95;92,56666667;NA;NA
6;7;6;2;92;92,56666667;NA;NA
6;7;6;3;93;92,56666667;NA;NA
6;7;7;1;92,5;92,56666667;NA;NA
6;7;7;2;92,7;92,56666667;NA;NA
6;7;7;3;92,5;92,56666667;NA;NA
6;8;1;1;90;89,16666667;1;19,13
6;8;1;2;89;89,16666667;1;17,92
6;8;1;3;90;89,16666667;1;18,41
6;8;2;1;89;89,16666667;1;19,58
6;8;3;1;90;89,16666667;1;19,14
6;8;3;2;89;89,16666667;1;18,51
6;8;3;3;89;89,16666667;1;18,77
6;8;4;1;89;89,16666667;2;20,5
6;8;4;1;89;89,16666667;1;20,97
6;8;4;2;89;89,16666667;2;18,9
6;8;4;2;89;89,16666667;1;20,55
6;8;4;3;89;89,16666667;2;20
6;8;4;3;89;89,16666667;1;19,55
6;8;5;1;89,5;89,16666667;2;20,2
6;8;6;1;91;89,16666667;NA;NA
6;8;7;1;89;89,16666667;NA;NA
6;8;7;2;89,4;89,16666667;NA;NA
6;8;7;3;89,1;89,16666667;NA;NA
6;9;1;1;110;109,2666667;1;18,75
6;9;2;1;110;109,2666667;1;19,93
6;9;2;2;110;109,2666667;1;19,49
6;9;2;3;111;109,2666667;1;19,92
6;9;3;1;110;109,2666667;1;20,7
6;9;4;1;110;109,2666667;2;19,9
6;9;4;1;110;109,2666667;1;21,14
6;9;5;1;110,5;109,2666667;2;23,2
6;9;5;2;110,5;109,2666667;2;23,1
6;9;5;3;111;109,2666667;2;23,3
6;9;6;1;110;109,2666667;NA;NA
6;9;7;1;109,2;109,2666667;NA;NA
6;9;7;2;109,1;109,2666667;NA;NA
6;9;7;3;109,5;109,2666667;NA;NA
6;10;1;1;68;67,93333333;1;19,04
6;10;2;1;69;67,93333333;1;18,31
6;10;3;1;68;67,93333333;1;19,86
6;10;4;1;68;67,93333333;1;19,19
6;10;4;1;68;67,93333333;2;19
6;10;5;1;69;67,93333333;2;18,7
6;10;6;1;68;67,93333333;NA;NA
6;10;7;1;67,9;67,93333333;NA;NA
6;10;7;2;67,9;67,93333333;NA;NA
6;10;7;3;68;67,93333333;NA;NA
6;11;1;1;83;82;1;18,25
6;11;1;2;83;82;1;18,53
6;11;1;3;83;82;1;20,2
6;11;2;1;82;82;1;18,25
6;11;2;2;82;82;1;18,9
6;11;2;3;82;82;1;18,96
6;11;3;1;83;82;1;19,56
6;11;4;1;82;82;1;19,64
6;11;4;1;82;82;2;19,4
6;11;5;1;82;82;2;20,3
6;11;5;2;83;82;2;20,6
6;11;5;3;82,5;82;2;20,4
6;11;6;1;83;82;NA;NA
6;11;6;2;83;82;NA;NA
6;11;6;3;84;82;NA;NA
6;11;7;1;82;82;NA;NA
6;11;7;2;82;82;NA;NA
6;11;7;3;82;82;NA;NA
6;12;1;1;66;64,86666667;1;16,72
6;12;1;2;66;64,86666667;1;16,93
6;12;1;3;66;64,86666667;1;17,03
6;12;2;1;66;64,86666667;1;16,66
6;12;2;2;66;64,86666667;1;16
6;12;2;3;67;64,86666667;1;16,38
6;12;3;1;66;64,86666667;1;16,97
6;12;3;2;66;64,86666667;1;16,97
6;12;3;3;66;64,86666667;1;17,2
6;12;4;1;65;64,86666667;2;16,7
6;12;4;1;65;64,86666667;1;17,09
6;12;4;2;66;64,86666667;2;17,6
6;12;4;2;66;64,86666667;1;17,12
6;12;4;3;NA;NA;1;17,4
6;12;4;3;NA;NA;2;18,1
6;12;5;1;67;64,86666667;2;17,8
6;12;5;2;66;64,86666667;2;18,4
6;12;5;3;66;64,86666667;2;18,3
6;12;6;1;67;64,86666667;NA;NA
6;12;7;1;64,8;64,86666667;NA;NA
6;12;7;2;64,9;64,86666667;NA;NA
6;12;7;3;64,9;64,86666667;NA;NA
7;1;1;1;133;132,6666667;1;25,38
7;1;2;1;134;132,6666667;1;24,4
7;1;2;2;133;132,6666667;1;22,04
7;1;2;3;133;132,6666667;1;22,5
7;1;3;1;133;132,6666667;1;21,49
7;1;4;1;134;132,6666667;1;21,81
7;1;4;1;134;132,6666667;2;23,7
7;1;4;2;133;132,6666667;2;22,6
7;1;4;2;133;132,6666667;1;21,42
7;1;4;3;133;132,6666667;2;22,7
7;1;4;3;133;132,6666667;1;22,14
7;1;5;1;133,5;132,6666667;2;21,9
7;1;6;1;133;132,6666667;NA;NA
7;1;6;2;133;132,6666667;NA;NA
7;1;6;3;134;132,6666667;NA;NA
7;1;7;1;132,5;132,6666667;NA;NA
7;1;7;2;132,8;132,6666667;NA;NA
7;1;7;3;132,7;132,6666667;NA;NA
7;2;1;1;159;159,2;1;23,33
7;2;2;1;160;159,2;1;22,61
7;2;2;2;161;159,2;1;21,17
7;2;2;3;160;159,2;1;21,7
7;2;3;1;160;159,2;1;23,52
7;2;4;1;159;159,2;2;22,8
7;2;4;1;159;159,2;1;23
7;2;5;1;159,5;159,2;2;25,4
7;2;6;1;160;159,2;NA;NA
7;2;7;1;159,2;159,2;NA;NA
7;2;7;2;159,3;159,2;NA;NA
7;2;7;3;159,1;159,2;NA;NA
7;3;1;1;154;154,8333333;1;27,85
7;3;1;2;154;154,8333333;1;22,99
7;3;1;3;154;154,8333333;1;24,87
7;3;2;1;156;154,8333333;1;22,96
7;3;3;1;156;154,8333333;1;21,65
7;3;3;2;155;154,8333333;1;22,97
7;3;3;3;155;154,8333333;1;23,49
7;3;4;1;154;154,8333333;1;22,76
7;3;4;1;154;154,8333333;2;23,8
7;3;5;1;156;154,8333333;2;23,8
7;3;5;2;156;154,8333333;2;24,8
7;3;5;3;155;154,8333333;2;22,5
7;3;6;1;161;154,8333333;NA;NA
7;3;7;1;154,9;154,8333333;NA;NA
7;3;7;2;154,6;154,8333333;NA;NA
7;3;7;3;155;154,8333333;NA;NA
7;4;1;1;114;115,6;1;21,29
7;4;1;2;114;115,6;1;19,87
7;4;1;3;114;115,6;1;24,34
7;4;2;1;115;115,6;1;21,57
7;4;3;1;115;115,6;1;21,31
7;4;4;1;116;115,6;2;22,4
7;4;4;1;116;115,6;1;21,93
7;4;4;2;115;115,6;1;21,9
7;4;4;2;115;115,6;2;22,3
7;4;4;3;115;115,6;2;22,4
7;4;4;3;115;115,6;1;22,43
7;4;5;1;115,5;115,6;2;22,2
7;4;6;1;116;115,6;NA;NA
7;4;7;1;115,6;115,6;NA;NA
7;4;7;2;115,1;115,6;NA;NA
7;4;7;3;116,1;115,6;NA;NA
7;5;1;1;105;106,1333333;1;20,89
7;5;2;1;107;106,1333333;1;22,8
7;5;3;1;107;106,1333333;1;21,08
7;5;3;2;107;106,1333333;1;21,04
7;5;3;3;107;106,1333333;1;20,57
7;5;4;1;106;106,1333333;1;21,6
7;5;4;1;106;106,1333333;2;21,6
7;5;4;2;107;106,1333333;2;21,9
7;5;4;2;107;106,1333333;1;20,86
7;5;4;3;107;106,1333333;1;20,64
7;5;4;3;107;106,1333333;2;21,6
7;5;5;1;107;106,1333333;2;20,7
7;5;5;2;107;106,1333333;2;20,9
7;5;5;3;107,5;106,1333333;2;21,1
7;5;6;1;107;106,1333333;NA;NA
7;5;7;1;106;106,1333333;NA;NA
7;5;7;2;106;106,1333333;NA;NA
7;5;7;3;106,4;106,1333333;NA;NA
7;6;1;1;142;142,0333333;1;23,18
7;6;2;1;143;142,0333333;1;23,19
7;6;2;2;143;142,0333333;1;23,39
7;6;2;3;143;142,0333333;1;23,26
7;6;3;1;143;142,0333333;1;22,64
7;6;3;2;147;142,0333333;1;22,51
7;6;3;3;143;142,0333333;1;22,33
7;6;4;1;143;142,0333333;1;22,57
7;6;4;1;143;142,0333333;2;23
7;6;4;2;142;142,0333333;1;23,15
7;6;4;2;142;142,0333333;2;23
7;6;4;3;142;142,0333333;1;23,14
7;6;4;3;142;142,0333333;2;23
7;6;5;1;142,5;142,0333333;2;23,1
7;6;5;2;143;142,0333333;2;23,1
7;6;5;3;143;142,0333333;2;24,1
7;6;6;1;143;142,0333333;NA;NA
7;6;7;1;141,8;142,0333333;NA;NA
7;6;7;2;142;142,0333333;NA;NA
7;6;7;3;142,3;142,0333333;NA;NA
7;7;1;1;80;79,66666667;1;14,39
7;7;1;2;80;79,66666667;1;14,5
7;7;1;3;80;79,66666667;1;14,89
7;7;2;1;81;79,66666667;1;13,18
7;7;2;2;81;79,66666667;1;13,84
7;7;2;3;82;79,66666667;1;14,09
7;7;3;1;81;79,66666667;1;14,16
7;7;3;2;81;79,66666667;1;14,21
7;7;3;3;82;79,66666667;1;13,64
7;7;4;1;NA;NA;1;14,26
7;7;4;1;NA;NA;2;14,2
7;7;5;1;81;79,66666667;2;14,1
7;7;5;2;81;79,66666667;2;14
7;7;5;3;81;79,66666667;2;14,1
7;7;6;1;81;79,66666667;NA;NA
7;7;7;1;79,5;79,66666667;NA;NA
7;7;7;2;79,8;79,66666667;NA;NA
7;7;7;3;79,7;79,66666667;NA;NA
7;8;1;1;109;108,3666667;1;5,31
7;8;2;1;110;108,3666667;1;5,3
7;8;3;1;110;108,3666667;1;4,89
7;8;4;1;109;108,3666667;2;5,3
7;8;4;1;109;108,3666667;1;5,16
7;8;4;2;109;108,3666667;2;5,2
7;8;4;2;109;108,3666667;1;5,57
7;8;4;3;110;108,3666667;2;5,2
7;8;4;3;110;108,3666667;1;5,05
7;8;5;1;109;108,3666667;2;5
7;8;5;2;110;108,3666667;2;5,1
7;8;5;3;110;108,3666667;2;5,1
7;8;6;1;109;108,3666667;NA;NA
7;8;6;2;109;108,3666667;NA;NA
7;8;6;3;110;108,3666667;NA;NA
7;8;7;1;108,2;108,3666667;NA;NA
7;8;7;2;108,4;108,3666667;NA;NA
7;8;7;3;108,5;108,3666667;NA;NA
7;9;1;1;127;126,6;1;23,5
7;9;2;1;128;126,6;1;22,17
7;9;3;1;127;126,6;1;20,89
7;9;3;2;127;126,6;1;20,59
7;9;3;3;127;126,6;1;20,39
7;9;4;1;126;126,6;1;20,6
7;9;4;1;126;126,6;2;21,1
7;9;5;1;127,9;126,6;2;21,2
7;9;5;2;127;126,6;2;21
7;9;5;3;128;126,6;2;21,3
7;9;6;1;127;126,6;NA;NA
7;9;6;2;126;126,6;NA;NA
7;9;6;3;127;126,6;NA;NA
7;9;7;1;126,8;126,6;NA;NA
7;9;7;2;126,5;126,6;NA;NA
7;9;7;3;126,5;126,6;NA;NA
7;10;1;1;168;168,6666667;1;26,17
7;10;1;2;163;168,6666667;1;28,2
7;10;1;3;168;168,6666667;1;23,31
7;10;2;1;169;168,6666667;1;26,59
7;10;2;2;168;168,6666667;1;24,87
7;10;2;3;170;168,6666667;1;25,19
7;10;3;1;170;168,6666667;1;24,29
7;10;4;1;169;168,6666667;1;24,4
7;10;4;1;169;168,6666667;2;24
7;10;5;1;168,5;168,6666667;2;25,1
7;10;6;1;167;168,6666667;NA;NA
7;10;6;2;168;168,6666667;NA;NA
7;10;6;3;167;168,6666667;NA;NA
7;10;7;1;168,8;168,6666667;NA;NA
7;10;7;2;168,7;168,6666667;NA;NA
7;10;7;3;168,5;168,6666667;NA;NA
7;11;1;1;115;114,1333333;1;19,6
7;11;1;2;114;114,1333333;1;21,52
7;11;1;3;114;114,1333333;1;22,27
7;11;2;1;115;114,1333333;1;20,53
7;11;3;1;115;114,1333333;1;19,6
7;11;4;1;114;114,1333333;2;20
7;11;4;1;114;114,1333333;1;19,7
7;11;5;1;114,5;114,1333333;2;20,8
7;11;6;1;115;114,1333333;NA;NA
7;11;6;2;115;114,1333333;NA;NA
7;11;6;3;115;114,1333333;NA;NA
7;11;7;1;114;114,1333333;NA;NA
7;11;7;2;114,4;114,1333333;NA;NA
7;11;7;3;114;114,1333333;NA;NA
7;12;1;1;96;95,33333333;1;19,36
7;12;1;2;96;95,33333333;1;18,76
7;12;1;3;95;95,33333333;1;19,91
7;12;2;1;96;95,33333333;1;18,66
7;12;2;2;96;95,33333333;1;19,2
7;12;2;3;95;95,33333333;1;17,77
7;12;3;1;96;95,33333333;1;18,62
7;12;3;2;95;95,33333333;1;18,86
7;12;3;3;96;95,33333333;1;18,89
7;12;4;1;96;95,33333333;1;20,97
7;12;4;1;96;95,33333333;2;21,5
7;12;4;2;95;95,33333333;1;19,42
7;12;4;2;95;95,33333333;2;19
7;12;4;3;95;95,33333333;2;19
7;12;4;3;95;95,33333333;1;18,82
7;12;5;1;96;95,33333333;2;19,4
7;12;6;1;96;95,33333333;NA;NA
7;12;6;2;96;95,33333333;NA;NA
7;12;6;3;96;95,33333333;NA;NA
7;12;7;1;95,5;95,33333333;NA;NA
7;12;7;2;95,4;95,33333333;NA;NA
7;12;7;3;95,1;95,33333333;NA;NA
8;1;1;1;101;99,66666667;1;20,28
8;1;1;2;101;99,66666667;1;20,5
8;1;1;3;101;99,66666667;1;21,22
8;1;2;1;100;99,66666667;1;18,49
8;1;3;1;100;99,66666667;1;18,9
8;1;4;1;100;99,66666667;1;20,21
8;1;4;1;100;99,66666667;2;20,4
8;1;4;2;100;99,66666667;1;19,81
8;1;4;2;100;99,66666667;2;19,4
8;1;4;3;100;99,66666667;2;20,1
8;1;4;3;100;99,66666667;1;20,06
8;1;5;1;100;99,66666667;2;21
8;1;6;1;100;99,66666667;NA;NA
8;1;7;1;99,5;99,66666667;NA;NA
8;1;7;2;99,7;99,66666667;NA;NA
8;1;7;3;99,8;99,66666667;NA;NA
8;2;1;1;135;135,0666667;1;21,69
8;2;2;1;135;135,0666667;1;21,56
8;2;2;2;135;135,0666667;1;21,1
8;2;2;3;135;135,0666667;1;22,15
8;2;3;1;136;135,0666667;1;20,77
8;2;4;1;136;135,0666667;2;22,5
8;2;4;1;136;135,0666667;1;21,72
8;2;5;1;135;135,0666667;2;21,7
8;2;6;1;135;135,0666667;NA;NA
8;2;6;2;135;135,0666667;NA;NA
8;2;6;3;136;135,0666667;NA;NA
8;2;7;1;135,2;135,0666667;NA;NA
8;2;7;2;134,9;135,0666667;NA;NA
8;2;7;3;135,1;135,0666667;NA;NA
8;3;1;1;120;119,7666667;1;22,55
8;3;1;2;121;119,7666667;1;21,68
8;3;1;3;120;119,7666667;1;20,71
8;3;2;1;120;119,7666667;1;22,55
8;3;3;1;121;119,7666667;1;20,79
8;3;3;2;120;119,7666667;1;21,15
8;3;3;3;121;119,7666667;1;21,61
8;3;4;1;120;119,7666667;1;22,09
8;3;4;1;120;119,7666667;2;21
8;3;5;1;121;119,7666667;2;21,2
8;3;6;1;121;119,7666667;NA;NA
8;3;7;1;119,9;119,7666667;NA;NA
8;3;7;2;119,5;119,7666667;NA;NA
8;3;7;3;119,9;119,7666667;NA;NA
8;4;1;1;143;141,6;1;22,67
8;4;2;1;142;141,6;1;23,21
8;4;2;2;141;141,6;1;23,18
8;4;2;3;141;141,6;1;23,34
8;4;3;1;142;141,6;1;21,82
8;4;3;2;142;141,6;1;22,37
8;4;3;3;142;141,6;1;20,88
8;4;4;1;142;141,6;2;24
8;4;4;1;142;141,6;1;23,12
8;4;4;2;142;141,6;2;23,2
8;4;4;2;142;141,6;1;22,83
8;4;4;3;142;141,6;2;22,5
8;4;4;3;142;141,6;1;22,89
8;4;5;1;142;141,6;2;22,8
8;4;5;2;142;141,6;2;23,3
8;4;5;3;142;141,6;2;22,8
8;4;6;1;142;141,6;NA;NA
8;4;7;1;141,7;141,6;NA;NA
8;4;7;2;141,6;141,6;NA;NA
8;4;7;3;141,5;141,6;NA;NA
8;5;1;1;114;114,3;1;22,1
8;5;2;1;114;114,3;1;21
8;5;3;1;114;114,3;1;21,19
8;5;4;1;115;114,3;1;21,44
8;5;4;1;115;114,3;2;21,8
8;5;4;2;114;114,3;1;21
8;5;4;2;114;114,3;2;21,6
8;5;4;3;114;114,3;1;20,85
8;5;4;3;114;114,3;2;21,5
8;5;5;1;115;114,3;2;21,4
8;5;6;1;115;114,3;NA;NA
8;5;6;2;115;114,3;NA;NA
8;5;6;3;115;114,3;NA;NA
8;5;7;1;114,2;114,3;NA;NA
8;5;7;2;114,4;114,3;NA;NA
8;5;7;3;114,3;114,3;NA;NA
8;6;1;1;131;130,2;1;24,06
8;6;2;1;130;130,2;1;22,78
8;6;2;2;130;130,2;1;23,75
8;6;2;3;130;130,2;1;24,94
8;6;3;1;131;130,2;1;23,8
8;6;4;1;131;130,2;1;23,64
8;6;4;1;131;130,2;2;23,6
8;6;4;2;130;130,2;2;22,9
8;6;4;2;130;130,2;1;23,15
8;6;4;3;130;130,2;1;22,86
8;6;4;3;130;130,2;2;23
8;6;5;1;131;130,2;2;23,2
8;6;5;2;131;130,2;2;23,9
8;6;5;3;131;130,2;2;24,1
8;6;6;1;131;130,2;NA;NA
8;6;6;2;131;130,2;NA;NA
8;6;6;3;131;130,2;NA;NA
8;6;7;1;130,1;130,2;NA;NA
8;6;7;2;130,2;130,2;NA;NA
8;6;7;3;130,3;130,2;NA;NA
8;7;1;1;135;135,5666667;1;22,39
8;7;1;2;135;135,5666667;1;22,34
8;7;1;3;135;135,5666667;1;23,26
8;7;2;1;135;135,5666667;1;21,57
8;7;3;1;136;135,5666667;1;20,2
8;7;4;1;135;135,5666667;1;21,93
8;7;4;1;135;135,5666667;2;21,7
8;7;5;1;137;135,5666667;2;21,6
8;7;5;2;135,5;135,5666667;2;22,6
8;7;5;3;136;135,5666667;2;22,3
8;7;6;1;135;135,5666667;NA;NA
8;7;7;1;135,6;135,5666667;NA;NA
8;7;7;2;135,6;135,5666667;NA;NA
8;7;7;3;135,5;135,5666667;NA;NA
8;8;1;1;132;131;1;23,06
8;8;1;2;132;131;1;23,27
8;8;1;3;132;131;1;22,99
8;8;2;1;131;131;1;23,32
8;8;2;2;132;131;1;22,75
8;8;2;3;131;131;1;23,24
8;8;3;1;132;131;1;21,55
8;8;3;2;132;131;1;22,02
8;8;3;3;132;131;1;22,54
8;8;4;1;131;131;2;22,2
8;8;4;1;131;131;1;22,56
8;8;4;2;131;131;2;22,9
8;8;4;2;131;131;1;22,29
8;8;4;3;131;131;1;22,6
8;8;4;3;131;131;2;22,7
8;8;5;1;132,5;131;2;22,2
8;8;6;1;132;131;NA;NA
8;8;6;2;132;131;NA;NA
8;8;6;3;132;131;NA;NA
8;8;7;1;130,8;131;NA;NA
8;8;7;2;131;131;NA;NA
8;8;7;3;131,2;131;NA;NA
8;9;1;1;132;132,6;1;24,21
8;9;1;2;132;132,6;1;24,43
8;9;1;3;132;132,6;1;23,52
8;9;2;1;133;132,6;1;24
8;9;2;2;132;132,6;1;23,71
8;9;2;3;132;132,6;1;22,68
8;9;3;1;133;132,6;1;20,48
8;9;3;2;132;132,6;1;21,42
8;9;3;3;133;132,6;1;21,4
8;9;4;1;132;132,6;2;21,5
8;9;4;1;132;132,6;1;21,59
8;9;5;1;133,5;132,6;2;21,9
8;9;5;2;133;132,6;2;21,9
8;9;5;3;134;132,6;2;22
8;9;6;1;133;132,6;NA;NA
8;9;7;1;132,9;132,6;NA;NA
8;9;7;2;132,7;132,6;NA;NA
8;9;7;3;132,2;132,6;NA;NA
8;10;1;1;98;97,73333333;1;21,17
8;10;1;2;98;97,73333333;1;20,26
8;10;1;3;98;97,73333333;1;18,84
8;10;2;1;98;97,73333333;1;19,68
8;10;2;2;98;97,73333333;1;20,7
8;10;2;3;98;97,73333333;1;20,01
8;10;3;1;98;97,73333333;1;19,17
8;10;4;1;98;97,73333333;2;19,5
8;10;4;1;98;97,73333333;1;20,05
8;10;5;1;99;97,73333333;2;18,7
8;10;6;1;98;97,73333333;NA;NA
8;10;6;2;99;97,73333333;NA;NA
8;10;6;3;99;97,73333333;NA;NA
8;10;7;1;97,9;97,73333333;NA;NA
8;10;7;2;97,7;97,73333333;NA;NA
8;10;7;3;97,6;97,73333333;NA;NA
8;11;1;1;172;171,8333333;1;22,78
8;11;2;1;172;171,8333333;1;23,18
8;11;3;1;173;171,8333333;1;24,09
8;11;3;2;173;171,8333333;1;24,62
8;11;3;3;174;171,8333333;1;22,1
8;11;4;1;172;171,8333333;1;24,2
8;11;4;1;172;171,8333333;2;23,6
8;11;5;1;174;171,8333333;2;23,6
8;11;5;2;173;171,8333333;2;23,2
8;11;5;3;174;171,8333333;2;22,7
8;11;6;1;172;171,8333333;NA;NA
8;11;7;1;171,4;171,8333333;NA;NA
8;11;7;2;172;171,8333333;NA;NA
8;11;7;3;172,1;171,8333333;NA;NA
8;12;1;1;107;107,3333333;1;17,88
8;12;2;1;107;107,3333333;1;19,79
8;12;3;1;108;107,3333333;1;20,4
8;12;3;2;108;107,3333333;1;20,25
8;12;3;3;108;107,3333333;1;19,77
8;12;4;1;108;107,3333333;2;21,1
8;12;4;1;108;107,3333333;1;21,32
8;12;4;2;107;107,3333333;2;21,1
8;12;4;2;107;107,3333333;1;20,89
8;12;4;3;108;107,3333333;1;20,76
8;12;4;3;108;107,3333333;2;20,7
8;12;5;1;108;107,3333333;2;21
8;12;5;2;108;107,3333333;2;21,3
8;12;5;3;108;107,3333333;2;21,3
8;12;6;1;108;107,3333333;NA;NA
8;12;6;2;108;107,3333333;NA;NA
8;12;6;3;109;107,3333333;NA;NA
8;12;7;1;107,5;107,3333333;NA;NA
8;12;7;2;107,4;107,3333333;NA;NA
8;12;7;3;107,1;107,3333333;NA;NA
